$MeshFormat
4.1 0 8
$EndMeshFormat
$Entities
9 8 1 0
1 -3 -2 0 0 
2 3 -2 0 0 
3 3 2 0 0 
4 -3 2 0 0 
5 0.5 0 0 0 
6 0 0.5 0 0 
7 -0.5 0 0 0 
8 0 -0.5 0 0 
9 0 0 0 0 
1 -3 -2 0 3 -2 0 1 2 2 1 -2 
2 3 -2 0 3 2 0 1 4 2 2 -3 
3 -3 2 0 3 2 0 1 3 2 3 -4 
4 -3 -2 0 -3 2 0 1 1 2 4 -1 
5 2.775557561562891e-17 0 0 0.5 0.5 0 1 5 2 5 -6 
6 -0.5 2.775557561562891e-17 0 0 0.5 0 1 5 2 6 -7 
7 -0.5 -0.5 0 -2.775557561562891e-17 0 0 1 5 2 7 -8 
8 0 -0.5 0 0.5 -2.775557561562891e-17 0 1 5 2 8 -5 
1 -3 -2 0 3 2 0 1 1 8 1 2 3 4 -8 -7 -6 -5 
$EndEntities
$Nodes
17 2838 1 2838
0 1 0 1
1
-3 -2 0
0 2 0 1
2
3 -2 0
0 3 0 1
3
3 2 0
0 4 0 1
4
-3 2 0
0 5 0 1
5
0.5 0 0
0 6 0 1
6
0 0.5 0
0 7 0 1
7
-0.5 0 0
0 8 0 1
8
0 -0.5 0
1 1 0 15
9
10
11
12
13
14
15
16
17
18
19
20
21
22
23
-2.625000000001389 -2 0
-2.250000000002777 -2 0
-1.875000000004166 -2 0
-1.500000000005556 -2 0
-1.125000000006944 -2 0
-0.7500000000083316 -2 0
-0.3750000000097193 -2 0
-1.1020961920849e-11 -2 0
0.3749999999902807 -2 0
0.7499999999916689 -2 0
1.124999999993058 -2 0
1.499999999994445 -2 0
1.874999999995834 -2 0
2.249999999997223 -2 0
2.624999999998612 -2 0
1 2 0 10
24
25
26
27
28
29
30
31
32
33
3 -1.636363636364646 0
3 -1.272727272729293 0
3 -0.909090909093939 0
3 -0.5454545454585848 0
3 -0.1818181818232307 0
3 0.1818181818131328 0
3 0.545454545450506 0
3 0.9090909090878796 0
3 1.272727272725253 0
3 1.636363636362627 0
1 3 0 15
34
35
36
37
38
39
40
41
42
43
44
45
46
47
48
2.625000000001389 2 0
2.250000000002777 2 0
1.875000000004166 2 0
1.500000000005556 2 0
1.125000000006944 2 0
0.7500000000083316 2 0
0.3750000000097193 2 0
1.1020961920849e-11 2 0
-0.3749999999902807 2 0
-0.7499999999916689 2 0
-1.124999999993058 2 0
-1.499999999994445 2 0
-1.874999999995834 2 0
-2.249999999997223 2 0
-2.624999999998612 2 0
1 4 0 10
49
50
51
52
53
54
55
56
57
58
-3 1.636363636364646 0
-3 1.272727272729293 0
-3 0.909090909093939 0
-3 0.5454545454585848 0
-3 0.1818181818232307 0
-3 -0.1818181818131328 0
-3 -0.545454545450506 0
-3 -0.9090909090878796 0
-3 -1.272727272725253 0
-3 -1.636363636362627 0
1 5 0 103
59
60
61
62
63
64
65
66
67
68
69
70
71
72
73
74
75
76
77
78
79
80
81
82
83
84
85
86
87
88
89
90
91
92
93
94
95
96
97
98
99
100
101
102
103
104
105
106
107
108
109
110
111
112
113
114
115
116
117
118
119
120
121
122
123
124
125
126
127
128
129
130
131
132
133
134
135
136
137
138
139
140
141
142
143
144
145
146
147
148
149
150
151
152
153
154
155
156
157
158
159
160
161
0.4999428617398253 0.007558769436487321 0
0.4997717283549343 0.01510693672197665 0
0.4994864941900003 0.02265484764421897 0
0.499087441400566 0.03019479816519086 0
0.4985744664591266 0.0377293174467447 0
0.4979476795529769 0.04525603194940761 0
0.4972075389056461 0.05276990861646871 0
0.4963536390628974 0.0602749117711424 0
0.4953868115099707 0.06776361104593528 0
0.4943069211946323 0.07523740864146994 0
0.4931140727004259 0.08269529191434714 0
0.4918091920029965 0.09013167401840332 0
0.4903915281640688 0.09755075143180271 0
0.4888624148716997 0.1049454111708092 0
0.4872217392324626 0.112316413846304 0
0.4854695022488788 0.1196635382488161 0
0.4836072632775049 0.1269803721259396 0
0.4816339629483133 0.1342710904651583 0
0.4795512718267326 0.1415294234050406 0
0.4773593220779443 0.1487550927709213 0
0.4750578247881456 0.1559489118511429 0
0.472648942186717 0.1631041920055321 0
0.4701313163100515 0.1702249847248584 0
0.4675068450034918 0.1773058089146577 0
0.4647760377150409 0.1843454224164704 0
0.461938216666899 0.191345457177862 0
0.4589962198095269 0.1982989415013718 0
0.4559485346484626 0.2052094874802813 0
0.4527971219113154 0.2120725498239443 0
0.4495430318934155 0.2188859576950418 0
0.4461852618000949 0.2256517497215139 0
0.4427271318187349 0.2323632646344009 0
0.4391669640823681 0.2390238014480483 0
0.4355065900543955 0.2456298231469312 0
0.4317478225332987 0.2521781468282992 0
0.4278890161350809 0.25867158690307 0
0.423934136386048 0.2651034666061831 0
0.4198817210992936 0.2714762241646496 0
0.4157332909790865 0.2777873841118386 0
0.411491374956487 0.2840331817524491 0
0.4071538357781014 0.290216736269945 0
0.4027250398461624 0.2963318111187304 0
0.3982036884691095 0.3023802614087043 0
0.3935908371482868 0.3083605891045592 0
0.3888898181184897 0.314268530660911 0
0.3840980546367517 0.320107301422918 0
0.3792201748323614 0.3258712307033458 0
0.3742553943857085 0.3315613062062546 0
0.3692042060066488 0.3371768886904914 0
0.3640707758533288 0.3427133936244033 0
0.358852238739135 0.3481739087753573 0
0.3535533898333 0.3535533913532475 0
0.3481739072838347 0.3588522401862745 0
0.342713392131294 0.3640707772588482 0
0.3371768872056781 0.3692042073626591 0
0.3315613047444025 0.3742553956807964 0
0.3258712292331594 0.379220176095721 0
0.3201072999833982 0.3840980558364475 0
0.3142685292292561 0.3888898192754346 0
0.3083605876841591 0.3935908382611059 0
0.302380260019888 0.3982036895237221 0
0.296331809728177 0.4027250408693548 0
0.2902167349119769 0.4071538367460527 0
0.2840331804105243 0.4114913758827548 0
0.2777873827838739 0.4157332918664147 0
0.2714762228749048 0.4198817219331832 0
0.2651034653212869 0.4239341371895465 0
0.2586715856522536 0.4278890168912364 0
0.252178145601128 0.431747823250073 0
0.2456298219367445 0.4355065907369522 0
0.2390238002808415 0.4391669647176394 0
0.2323632634788788 0.4427271324252051 0
0.2256517486010687 0.4461852623667439 0
0.2188859566049175 0.4495430324242053 0
0.2120725487539394 0.4527971224124641 0
0.2052094864554664 0.4559485351097026 0
0.1982989404962105 0.4589962202437841 0
0.1913454562087323 0.4619382170683349 0
0.1843454214832148 0.4647760380852007 0
0.1773058080047201 0.4675068453485931 0
0.1702249838613978 0.4701313166226931 0
0.1631041911685905 0.4726489424755332 0
0.1559489110512283 0.4750578250507364 0
0.1487550920110126 0.4773593223147477 0
0.1415294226720628 0.4795512720430555 0
0.1342710897790487 0.4816339631395887 0
0.1269803714720285 0.4836072634492018 0
0.1196635376328759 0.4854695024007021 0
0.1123164132729409 0.4872217393646366 0
0.1049454106283248 0.4888624149881562 0
0.09755075093526454 0.4903915282628422 0
0.09013167355851598 0.491809192087278 0
0.08269529149345498 0.4931140727710095 0
0.07523740826427712 0.4943069212520441 0
0.06776361070410508 0.4953868115567294 0
0.06027491147359473 0.4963536390990302 0
0.05276990835865451 0.4972075389330086 0
0.04525603172914984 0.4979476795729951 0
0.03772931726475991 0.4985744664728982 0
0.03019479801697677 0.4990874414095329 0
0.02265484753348912 0.4994864941950226 0
0.0151069366472822 0.4997717283571921 0
0.007558769398702087 0.4999428617403965 0
1 6 0 103
162
163
164
165
166
167
168
169
170
171
172
173
174
175
176
177
178
179
180
181
182
183
184
185
186
187
188
189
190
191
192
193
194
195
196
197
198
199
200
201
202
203
204
205
206
207
208
209
210
211
212
213
214
215
216
217
218
219
220
221
222
223
224
225
226
227
228
229
230
231
232
233
234
235
236
237
238
239
240
241
242
243
244
245
246
247
248
249
250
251
252
253
254
255
256
257
258
259
260
261
262
263
264
-0.007558769436487321 0.4999428617398253 0
-0.01510693672197665 0.4997717283549343 0
-0.02265484764421897 0.4994864941900003 0
-0.03019479816519086 0.499087441400566 0
-0.0377293174467447 0.4985744664591266 0
-0.04525603194940761 0.4979476795529769 0
-0.05276990861646871 0.4972075389056461 0
-0.0602749117711424 0.4963536390628974 0
-0.06776361104593528 0.4953868115099707 0
-0.07523740864146994 0.4943069211946323 0
-0.08269529191434714 0.4931140727004259 0
-0.09013167401840332 0.4918091920029965 0
-0.09755075143180271 0.4903915281640688 0
-0.1049454111708092 0.4888624148716997 0
-0.112316413846304 0.4872217392324626 0
-0.1196635382488161 0.4854695022488788 0
-0.1269803721259396 0.4836072632775049 0
-0.1342710904651583 0.4816339629483133 0
-0.1415294234050406 0.4795512718267326 0
-0.1487550927709213 0.4773593220779443 0
-0.1559489118511429 0.4750578247881456 0
-0.1631041920055321 0.472648942186717 0
-0.1702249847248584 0.4701313163100515 0
-0.1773058089146577 0.4675068450034918 0
-0.1843454224164704 0.4647760377150409 0
-0.191345457177862 0.461938216666899 0
-0.1982989415013718 0.4589962198095269 0
-0.2052094874802813 0.4559485346484626 0
-0.2120725498239443 0.4527971219113154 0
-0.2188859576950418 0.4495430318934155 0
-0.2256517497215139 0.4461852618000949 0
-0.2323632646344009 0.4427271318187349 0
-0.2390238014480483 0.4391669640823681 0
-0.2456298231469312 0.4355065900543955 0
-0.2521781468282992 0.4317478225332987 0
-0.25867158690307 0.4278890161350809 0
-0.2651034666061831 0.423934136386048 0
-0.2714762241646496 0.4198817210992936 0
-0.2777873841118386 0.4157332909790865 0
-0.2840331817524491 0.411491374956487 0
-0.290216736269945 0.4071538357781014 0
-0.2963318111187304 0.4027250398461624 0
-0.3023802614087043 0.3982036884691095 0
-0.3083605891045592 0.3935908371482868 0
-0.314268530660911 0.3888898181184897 0
-0.320107301422918 0.3840980546367517 0
-0.3258712307033458 0.3792201748323614 0
-0.3315613062062546 0.3742553943857085 0
-0.3371768886904914 0.3692042060066488 0
-0.3427133936244033 0.3640707758533288 0
-0.3481739087753573 0.358852238739135 0
-0.3535533913532475 0.3535533898333 0
-0.3588522401862745 0.3481739072838347 0
-0.3640707772588482 0.342713392131294 0
-0.3692042073626591 0.3371768872056781 0
-0.3742553956807964 0.3315613047444025 0
-0.379220176095721 0.3258712292331594 0
-0.3840980558364475 0.3201072999833982 0
-0.3888898192754346 0.3142685292292561 0
-0.3935908382611059 0.3083605876841591 0
-0.3982036895237221 0.302380260019888 0
-0.4027250408693548 0.296331809728177 0
-0.4071538367460527 0.2902167349119769 0
-0.4114913758827548 0.2840331804105243 0
-0.4157332918664147 0.2777873827838739 0
-0.4198817219331832 0.2714762228749048 0
-0.4239341371895465 0.2651034653212869 0
-0.4278890168912364 0.2586715856522536 0
-0.431747823250073 0.252178145601128 0
-0.4355065907369522 0.2456298219367445 0
-0.4391669647176394 0.2390238002808415 0
-0.4427271324252051 0.2323632634788788 0
-0.4461852623667439 0.2256517486010687 0
-0.4495430324242053 0.2188859566049175 0
-0.4527971224124641 0.2120725487539394 0
-0.4559485351097026 0.2052094864554664 0
-0.4589962202437841 0.1982989404962105 0
-0.4619382170683349 0.1913454562087323 0
-0.4647760380852007 0.1843454214832148 0
-0.4675068453485931 0.1773058080047201 0
-0.4701313166226931 0.1702249838613978 0
-0.4726489424755332 0.1631041911685905 0
-0.4750578250507364 0.1559489110512283 0
-0.4773593223147477 0.1487550920110126 0
-0.4795512720430555 0.1415294226720628 0
-0.4816339631395887 0.1342710897790487 0
-0.4836072634492018 0.1269803714720285 0
-0.4854695024007021 0.1196635376328759 0
-0.4872217393646366 0.1123164132729409 0
-0.4888624149881562 0.1049454106283248 0
-0.4903915282628422 0.09755075093526454 0
-0.491809192087278 0.09013167355851598 0
-0.4931140727710095 0.08269529149345498 0
-0.4943069212520441 0.07523740826427712 0
-0.4953868115567294 0.06776361070410508 0
-0.4963536390990302 0.06027491147359473 0
-0.4972075389330086 0.05276990835865451 0
-0.4979476795729951 0.04525603172914984 0
-0.4985744664728982 0.03772931726475991 0
-0.4990874414095329 0.03019479801697677 0
-0.4994864941950226 0.02265484753348912 0
-0.4997717283571921 0.0151069366472822 0
-0.4999428617403965 0.007558769398702087 0
1 7 0 103
265
266
267
268
269
270
271
272
273
274
275
276
277
278
279
280
281
282
283
284
285
286
287
288
289
290
291
292
293
294
295
296
297
298
299
300
301
302
303
304
305
306
307
308
309
310
311
312
313
314
315
316
317
318
319
320
321
322
323
324
325
326
327
328
329
330
331
332
333
334
335
336
337
338
339
340
341
342
343
344
345
346
347
348
349
350
351
352
353
354
355
356
357
358
359
360
361
362
363
364
365
366
367
-0.4999428617398253 -0.007558769436487321 0
-0.4997717283549343 -0.01510693672197665 0
-0.4994864941900003 -0.02265484764421897 0
-0.499087441400566 -0.03019479816519086 0
-0.4985744664591266 -0.0377293174467447 0
-0.4979476795529769 -0.04525603194940761 0
-0.4972075389056461 -0.05276990861646871 0
-0.4963536390628974 -0.0602749117711424 0
-0.4953868115099707 -0.06776361104593528 0
-0.4943069211946323 -0.07523740864146994 0
-0.4931140727004259 -0.08269529191434714 0
-0.4918091920029965 -0.09013167401840332 0
-0.4903915281640688 -0.09755075143180271 0
-0.4888624148716997 -0.1049454111708092 0
-0.4872217392324626 -0.112316413846304 0
-0.4854695022488788 -0.1196635382488161 0
-0.4836072632775049 -0.1269803721259396 0
-0.4816339629483133 -0.1342710904651583 0
-0.4795512718267326 -0.1415294234050406 0
-0.4773593220779443 -0.1487550927709213 0
-0.4750578247881456 -0.1559489118511429 0
-0.472648942186717 -0.1631041920055321 0
-0.4701313163100515 -0.1702249847248584 0
-0.4675068450034918 -0.1773058089146577 0
-0.4647760377150409 -0.1843454224164704 0
-0.461938216666899 -0.191345457177862 0
-0.4589962198095269 -0.1982989415013718 0
-0.4559485346484626 -0.2052094874802813 0
-0.4527971219113154 -0.2120725498239443 0
-0.4495430318934155 -0.2188859576950418 0
-0.4461852618000949 -0.2256517497215139 0
-0.4427271318187349 -0.2323632646344009 0
-0.4391669640823681 -0.2390238014480483 0
-0.4355065900543955 -0.2456298231469312 0
-0.4317478225332987 -0.2521781468282992 0
-0.4278890161350809 -0.25867158690307 0
-0.423934136386048 -0.2651034666061831 0
-0.4198817210992936 -0.2714762241646496 0
-0.4157332909790865 -0.2777873841118386 0
-0.411491374956487 -0.2840331817524491 0
-0.4071538357781014 -0.290216736269945 0
-0.4027250398461624 -0.2963318111187304 0
-0.3982036884691095 -0.3023802614087043 0
-0.3935908371482868 -0.3083605891045592 0
-0.3888898181184897 -0.314268530660911 0
-0.3840980546367517 -0.320107301422918 0
-0.3792201748323614 -0.3258712307033458 0
-0.3742553943857085 -0.3315613062062546 0
-0.3692042060066488 -0.3371768886904914 0
-0.3640707758533288 -0.3427133936244033 0
-0.358852238739135 -0.3481739087753573 0
-0.3535533898333 -0.3535533913532475 0
-0.3481739072838347 -0.3588522401862745 0
-0.342713392131294 -0.3640707772588482 0
-0.3371768872056781 -0.3692042073626591 0
-0.3315613047444025 -0.3742553956807964 0
-0.3258712292331594 -0.379220176095721 0
-0.3201072999833982 -0.3840980558364475 0
-0.3142685292292561 -0.3888898192754346 0
-0.3083605876841591 -0.3935908382611059 0
-0.302380260019888 -0.3982036895237221 0
-0.296331809728177 -0.4027250408693548 0
-0.2902167349119769 -0.4071538367460527 0
-0.2840331804105243 -0.4114913758827548 0
-0.2777873827838739 -0.4157332918664147 0
-0.2714762228749048 -0.4198817219331832 0
-0.2651034653212869 -0.4239341371895465 0
-0.2586715856522536 -0.4278890168912364 0
-0.252178145601128 -0.431747823250073 0
-0.2456298219367445 -0.4355065907369522 0
-0.2390238002808415 -0.4391669647176394 0
-0.2323632634788788 -0.4427271324252051 0
-0.2256517486010687 -0.4461852623667439 0
-0.2188859566049175 -0.4495430324242053 0
-0.2120725487539394 -0.4527971224124641 0
-0.2052094864554664 -0.4559485351097026 0
-0.1982989404962105 -0.4589962202437841 0
-0.1913454562087323 -0.4619382170683349 0
-0.1843454214832148 -0.4647760380852007 0
-0.1773058080047201 -0.4675068453485931 0
-0.1702249838613978 -0.4701313166226931 0
-0.1631041911685905 -0.4726489424755332 0
-0.1559489110512283 -0.4750578250507364 0
-0.1487550920110126 -0.4773593223147477 0
-0.1415294226720628 -0.4795512720430555 0
-0.1342710897790487 -0.4816339631395887 0
-0.1269803714720285 -0.4836072634492018 0
-0.1196635376328759 -0.4854695024007021 0
-0.1123164132729409 -0.4872217393646366 0
-0.1049454106283248 -0.4888624149881562 0
-0.09755075093526454 -0.4903915282628422 0
-0.09013167355851598 -0.491809192087278 0
-0.08269529149345498 -0.4931140727710095 0
-0.07523740826427712 -0.4943069212520441 0
-0.06776361070410508 -0.4953868115567294 0
-0.06027491147359473 -0.4963536390990302 0
-0.05276990835865451 -0.4972075389330086 0
-0.04525603172914984 -0.4979476795729951 0
-0.03772931726475991 -0.4985744664728982 0
-0.03019479801697677 -0.4990874414095329 0
-0.02265484753348912 -0.4994864941950226 0
-0.0151069366472822 -0.4997717283571921 0
-0.007558769398702087 -0.4999428617403965 0
1 8 0 103
368
369
370
371
372
373
374
375
376
377
378
379
380
381
382
383
384
385
386
387
388
389
390
391
392
393
394
395
396
397
398
399
400
401
402
403
404
405
406
407
408
409
410
411
412
413
414
415
416
417
418
419
420
421
422
423
424
425
426
427
428
429
430
431
432
433
434
435
436
437
438
439
440
441
442
443
444
445
446
447
448
449
450
451
452
453
454
455
456
457
458
459
460
461
462
463
464
465
466
467
468
469
470
0.007558769436487321 -0.4999428617398253 0
0.01510693672197665 -0.4997717283549343 0
0.02265484764421897 -0.4994864941900003 0
0.03019479816519086 -0.499087441400566 0
0.0377293174467447 -0.4985744664591266 0
0.04525603194940761 -0.4979476795529769 0
0.05276990861646871 -0.4972075389056461 0
0.0602749117711424 -0.4963536390628974 0
0.06776361104593528 -0.4953868115099707 0
0.07523740864146994 -0.4943069211946323 0
0.08269529191434714 -0.4931140727004259 0
0.09013167401840332 -0.4918091920029965 0
0.09755075143180271 -0.4903915281640688 0
0.1049454111708092 -0.4888624148716997 0
0.112316413846304 -0.4872217392324626 0
0.1196635382488161 -0.4854695022488788 0
0.1269803721259396 -0.4836072632775049 0
0.1342710904651583 -0.4816339629483133 0
0.1415294234050406 -0.4795512718267326 0
0.1487550927709213 -0.4773593220779443 0
0.1559489118511429 -0.4750578247881456 0
0.1631041920055321 -0.472648942186717 0
0.1702249847248584 -0.4701313163100515 0
0.1773058089146577 -0.4675068450034918 0
0.1843454224164704 -0.4647760377150409 0
0.191345457177862 -0.461938216666899 0
0.1982989415013718 -0.4589962198095269 0
0.2052094874802813 -0.4559485346484626 0
0.2120725498239443 -0.4527971219113154 0
0.2188859576950418 -0.4495430318934155 0
0.2256517497215139 -0.4461852618000949 0
0.2323632646344009 -0.4427271318187349 0
0.2390238014480483 -0.4391669640823681 0
0.2456298231469312 -0.4355065900543955 0
0.2521781468282992 -0.4317478225332987 0
0.25867158690307 -0.4278890161350809 0
0.2651034666061831 -0.423934136386048 0
0.2714762241646496 -0.4198817210992936 0
0.2777873841118386 -0.4157332909790865 0
0.2840331817524491 -0.411491374956487 0
0.290216736269945 -0.4071538357781014 0
0.2963318111187304 -0.4027250398461624 0
0.3023802614087043 -0.3982036884691095 0
0.3083605891045592 -0.3935908371482868 0
0.314268530660911 -0.3888898181184897 0
0.320107301422918 -0.3840980546367517 0
0.3258712307033458 -0.3792201748323614 0
0.3315613062062546 -0.3742553943857085 0
0.3371768886904914 -0.3692042060066488 0
0.3427133936244033 -0.3640707758533288 0
0.3481739087753573 -0.358852238739135 0
0.3535533913532475 -0.3535533898333 0
0.3588522401862745 -0.3481739072838347 0
0.3640707772588482 -0.342713392131294 0
0.3692042073626591 -0.3371768872056781 0
0.3742553956807964 -0.3315613047444025 0
0.379220176095721 -0.3258712292331594 0
0.3840980558364475 -0.3201072999833982 0
0.3888898192754346 -0.3142685292292561 0
0.3935908382611059 -0.3083605876841591 0
0.3982036895237221 -0.302380260019888 0
0.4027250408693548 -0.296331809728177 0
0.4071538367460527 -0.2902167349119769 0
0.4114913758827548 -0.2840331804105243 0
0.4157332918664147 -0.2777873827838739 0
0.4198817219331832 -0.2714762228749048 0
0.4239341371895465 -0.2651034653212869 0
0.4278890168912364 -0.2586715856522536 0
0.431747823250073 -0.252178145601128 0
0.4355065907369522 -0.2456298219367445 0
0.4391669647176394 -0.2390238002808415 0
0.4427271324252051 -0.2323632634788788 0
0.4461852623667439 -0.2256517486010687 0
0.4495430324242053 -0.2188859566049175 0
0.4527971224124641 -0.2120725487539394 0
0.4559485351097026 -0.2052094864554664 0
0.4589962202437841 -0.1982989404962105 0
0.4619382170683349 -0.1913454562087323 0
0.4647760380852007 -0.1843454214832148 0
0.4675068453485931 -0.1773058080047201 0
0.4701313166226931 -0.1702249838613978 0
0.4726489424755332 -0.1631041911685905 0
0.4750578250507364 -0.1559489110512283 0
0.4773593223147477 -0.1487550920110126 0
0.4795512720430555 -0.1415294226720628 0
0.4816339631395887 -0.1342710897790487 0
0.4836072634492018 -0.1269803714720285 0
0.4854695024007021 -0.1196635376328759 0
0.4872217393646366 -0.1123164132729409 0
0.4888624149881562 -0.1049454106283248 0
0.4903915282628422 -0.09755075093526454 0
0.491809192087278 -0.09013167355851598 0
0.4931140727710095 -0.08269529149345498 0
0.4943069212520441 -0.07523740826427712 0
0.4953868115567294 -0.06776361070410508 0
0.4963536390990302 -0.06027491147359473 0
0.4972075389330086 -0.05276990835865451 0
0.4979476795729951 -0.04525603172914984 0
0.4985744664728982 -0.03772931726475991 0
0.4990874414095329 -0.03019479801697677 0
0.4994864941950226 -0.02265484753348912 0
0.4997717283571921 -0.0151069366472822 0
0.4999428617403965 -0.007558769398702087 0
2 1 0 2368
471
472
473
474
475
476
477
478
479
480
481
482
483
484
485
486
487
488
489
490
491
492
493
494
495
496
497
498
499
500
501
502
503
504
505
506
507
508
509
510
511
512
513
514
515
516
517
518
519
520
521
522
523
524
525
526
527
528
529
530
531
532
533
534
535
536
537
538
539
540
541
542
543
544
545
546
547
548
549
550
551
552
553
554
555
556
557
558
559
560
561
562
563
564
565
566
567
568
569
570
571
572
573
574
575
576
577
578
579
580
581
582
583
584
585
586
587
588
589
590
591
592
593
594
595
596
597
598
599
600
601
602
603
604
605
606
607
608
609
610
611
612
613
614
615
616
617
618
619
620
621
622
623
624
625
626
627
628
629
630
631
632
633
634
635
636
637
638
639
640
641
642
643
644
645
646
647
648
649
650
651
652
653
654
655
656
657
658
659
660
661
662
663
664
665
666
667
668
669
670
671
672
673
674
675
676
677
678
679
680
681
682
683
684
685
686
687
688
689
690
691
692
693
694
695
696
697
698
699
700
701
702
703
704
705
706
707
708
709
710
711
712
713
714
715
716
717
718
719
720
721
722
723
724
725
726
727
728
729
730
731
732
733
734
735
736
737
738
739
740
741
742
743
744
745
746
747
748
749
750
751
752
753
754
755
756
757
758
759
760
761
762
763
764
765
766
767
768
769
770
771
772
773
774
775
776
777
778
779
780
781
782
783
784
785
786
787
788
789
790
791
792
793
794
795
796
797
798
799
800
801
802
803
804
805
806
807
808
809
810
811
812
813
814
815
816
817
818
819
820
821
822
823
824
825
826
827
828
829
830
831
832
833
834
835
836
837
838
839
840
841
842
843
844
845
846
847
848
849
850
851
852
853
854
855
856
857
858
859
860
861
862
863
864
865
866
867
868
869
870
871
872
873
874
875
876
877
878
879
880
881
882
883
884
885
886
887
888
889
890
891
892
893
894
895
896
897
898
899
900
901
902
903
904
905
906
907
908
909
910
911
912
913
914
915
916
917
918
919
920
921
922
923
924
925
926
927
928
929
930
931
932
933
934
935
936
937
938
939
940
941
942
943
944
945
946
947
948
949
950
951
952
953
954
955
956
957
958
959
960
961
962
963
964
965
966
967
968
969
970
971
972
973
974
975
976
977
978
979
980
981
982
983
984
985
986
987
988
989
990
991
992
993
994
995
996
997
998
999
1000
1001
1002
1003
1004
1005
1006
1007
1008
1009
1010
1011
1012
1013
1014
1015
1016
1017
1018
1019
1020
1021
1022
1023
1024
1025
1026
1027
1028
1029
1030
1031
1032
1033
1034
1035
1036
1037
1038
1039
1040
1041
1042
1043
1044
1045
1046
1047
1048
1049
1050
1051
1052
1053
1054
1055
1056
1057
1058
1059
1060
1061
1062
1063
1064
1065
1066
1067
1068
1069
1070
1071
1072
1073
1074
1075
1076
1077
1078
1079
1080
1081
1082
1083
1084
1085
1086
1087
1088
1089
1090
1091
1092
1093
1094
1095
1096
1097
1098
1099
1100
1101
1102
1103
1104
1105
1106
1107
1108
1109
1110
1111
1112
1113
1114
1115
1116
1117
1118
1119
1120
1121
1122
1123
1124
1125
1126
1127
1128
1129
1130
1131
1132
1133
1134
1135
1136
1137
1138
1139
1140
1141
1142
1143
1144
1145
1146
1147
1148
1149
1150
1151
1152
1153
1154
1155
1156
1157
1158
1159
1160
1161
1162
1163
1164
1165
1166
1167
1168
1169
1170
1171
1172
1173
1174
1175
1176
1177
1178
1179
1180
1181
1182
1183
1184
1185
1186
1187
1188
1189
1190
1191
1192
1193
1194
1195
1196
1197
1198
1199
1200
1201
1202
1203
1204
1205
1206
1207
1208
1209
1210
1211
1212
1213
1214
1215
1216
1217
1218
1219
1220
1221
1222
1223
1224
1225
1226
1227
1228
1229
1230
1231
1232
1233
1234
1235
1236
1237
1238
1239
1240
1241
1242
1243
1244
1245
1246
1247
1248
1249
1250
1251
1252
1253
1254
1255
1256
1257
1258
1259
1260
1261
1262
1263
1264
1265
1266
1267
1268
1269
1270
1271
1272
1273
1274
1275
1276
1277
1278
1279
1280
1281
1282
1283
1284
1285
1286
1287
1288
1289
1290
1291
1292
1293
1294
1295
1296
1297
1298
1299
1300
1301
1302
1303
1304
1305
1306
1307
1308
1309
1310
1311
1312
1313
1314
1315
1316
1317
1318
1319
1320
1321
1322
1323
1324
1325
1326
1327
1328
1329
1330
1331
1332
1333
1334
1335
1336
1337
1338
1339
1340
1341
1342
1343
1344
1345
1346
1347
1348
1349
1350
1351
1352
1353
1354
1355
1356
1357
1358
1359
1360
1361
1362
1363
1364
1365
1366
1367
1368
1369
1370
1371
1372
1373
1374
1375
1376
1377
1378
1379
1380
1381
1382
1383
1384
1385
1386
1387
1388
1389
1390
1391
1392
1393
1394
1395
1396
1397
1398
1399
1400
1401
1402
1403
1404
1405
1406
1407
1408
1409
1410
1411
1412
1413
1414
1415
1416
1417
1418
1419
1420
1421
1422
1423
1424
1425
1426
1427
1428
1429
1430
1431
1432
1433
1434
1435
1436
1437
1438
1439
1440
1441
1442
1443
1444
1445
1446
1447
1448
1449
1450
1451
1452
1453
1454
1455
1456
1457
1458
1459
1460
1461
1462
1463
1464
1465
1466
1467
1468
1469
1470
1471
1472
1473
1474
1475
1476
1477
1478
1479
1480
1481
1482
1483
1484
1485
1486
1487
1488
1489
1490
1491
1492
1493
1494
1495
1496
1497
1498
1499
1500
1501
1502
1503
1504
1505
1506
1507
1508
1509
1510
1511
1512
1513
1514
1515
1516
1517
1518
1519
1520
1521
1522
1523
1524
1525
1526
1527
1528
1529
1530
1531
1532
1533
1534
1535
1536
1537
1538
1539
1540
1541
1542
1543
1544
1545
1546
1547
1548
1549
1550
1551
1552
1553
1554
1555
1556
1557
1558
1559
1560
1561
1562
1563
1564
1565
1566
1567
1568
1569
1570
1571
1572
1573
1574
1575
1576
1577
1578
1579
1580
1581
1582
1583
1584
1585
1586
1587
1588
1589
1590
1591
1592
1593
1594
1595
1596
1597
1598
1599
1600
1601
1602
1603
1604
1605
1606
1607
1608
1609
1610
1611
1612
1613
1614
1615
1616
1617
1618
1619
1620
1621
1622
1623
1624
1625
1626
1627
1628
1629
1630
1631
1632
1633
1634
1635
1636
1637
1638
1639
1640
1641
1642
1643
1644
1645
1646
1647
1648
1649
1650
1651
1652
1653
1654
1655
1656
1657
1658
1659
1660
1661
1662
1663
1664
1665
1666
1667
1668
1669
1670
1671
1672
1673
1674
1675
1676
1677
1678
1679
1680
1681
1682
1683
1684
1685
1686
1687
1688
1689
1690
1691
1692
1693
1694
1695
1696
1697
1698
1699
1700
1701
1702
1703
1704
1705
1706
1707
1708
1709
1710
1711
1712
1713
1714
1715
1716
1717
1718
1719
1720
1721
1722
1723
1724
1725
1726
1727
1728
1729
1730
1731
1732
1733
1734
1735
1736
1737
1738
1739
1740
1741
1742
1743
1744
1745
1746
1747
1748
1749
1750
1751
1752
1753
1754
1755
1756
1757
1758
1759
1760
1761
1762
1763
1764
1765
1766
1767
1768
1769
1770
1771
1772
1773
1774
1775
1776
1777
1778
1779
1780
1781
1782
1783
1784
1785
1786
1787
1788
1789
1790
1791
1792
1793
1794
1795
1796
1797
1798
1799
1800
1801
1802
1803
1804
1805
1806
1807
1808
1809
1810
1811
1812
1813
1814
1815
1816
1817
1818
1819
1820
1821
1822
1823
1824
1825
1826
1827
1828
1829
1830
1831
1832
1833
1834
1835
1836
1837
1838
1839
1840
1841
1842
1843
1844
1845
1846
1847
1848
1849
1850
1851
1852
1853
1854
1855
1856
1857
1858
1859
1860
1861
1862
1863
1864
1865
1866
1867
1868
1869
1870
1871
1872
1873
1874
1875
1876
1877
1878
1879
1880
1881
1882
1883
1884
1885
1886
1887
1888
1889
1890
1891
1892
1893
1894
1895
1896
1897
1898
1899
1900
1901
1902
1903
1904
1905
1906
1907
1908
1909
1910
1911
1912
1913
1914
1915
1916
1917
1918
1919
1920
1921
1922
1923
1924
1925
1926
1927
1928
1929
1930
1931
1932
1933
1934
1935
1936
1937
1938
1939
1940
1941
1942
1943
1944
1945
1946
1947
1948
1949
1950
1951
1952
1953
1954
1955
1956
1957
1958
1959
1960
1961
1962
1963
1964
1965
1966
1967
1968
1969
1970
1971
1972
1973
1974
1975
1976
1977
1978
1979
1980
1981
1982
1983
1984
1985
1986
1987
1988
1989
1990
1991
1992
1993
1994
1995
1996
1997
1998
1999
2000
2001
2002
2003
2004
2005
2006
2007
2008
2009
2010
2011
2012
2013
2014
2015
2016
2017
2018
2019
2020
2021
2022
2023
2024
2025
2026
2027
2028
2029
2030
2031
2032
2033
2034
2035
2036
2037
2038
2039
2040
2041
2042
2043
2044
2045
2046
2047
2048
2049
2050
2051
2052
2053
2054
2055
2056
2057
2058
2059
2060
2061
2062
2063
2064
2065
2066
2067
2068
2069
2070
2071
2072
2073
2074
2075
2076
2077
2078
2079
2080
2081
2082
2083
2084
2085
2086
2087
2088
2089
2090
2091
2092
2093
2094
2095
2096
2097
2098
2099
2100
2101
2102
2103
2104
2105
2106
2107
2108
2109
2110
2111
2112
2113
2114
2115
2116
2117
2118
2119
2120
2121
2122
2123
2124
2125
2126
2127
2128
2129
2130
2131
2132
2133
2134
2135
2136
2137
2138
2139
2140
2141
2142
2143
2144
2145
2146
2147
2148
2149
2150
2151
2152
2153
2154
2155
2156
2157
2158
2159
2160
2161
2162
2163
2164
2165
2166
2167
2168
2169
2170
2171
2172
2173
2174
2175
2176
2177
2178
2179
2180
2181
2182
2183
2184
2185
2186
2187
2188
2189
2190
2191
2192
2193
2194
2195
2196
2197
2198
2199
2200
2201
2202
2203
2204
2205
2206
2207
2208
2209
2210
2211
2212
2213
2214
2215
2216
2217
2218
2219
2220
2221
2222
2223
2224
2225
2226
2227
2228
2229
2230
2231
2232
2233
2234
2235
2236
2237
2238
2239
2240
2241
2242
2243
2244
2245
2246
2247
2248
2249
2250
2251
2252
2253
2254
2255
2256
2257
2258
2259
2260
2261
2262
2263
2264
2265
2266
2267
2268
2269
2270
2271
2272
2273
2274
2275
2276
2277
2278
2279
2280
2281
2282
2283
2284
2285
2286
2287
2288
2289
2290
2291
2292
2293
2294
2295
2296
2297
2298
2299
2300
2301
2302
2303
2304
2305
2306
2307
2308
2309
2310
2311
2312
2313
2314
2315
2316
2317
2318
2319
2320
2321
2322
2323
2324
2325
2326
2327
2328
2329
2330
2331
2332
2333
2334
2335
2336
2337
2338
2339
2340
2341
2342
2343
2344
2345
2346
2347
2348
2349
2350
2351
2352
2353
2354
2355
2356
2357
2358
2359
2360
2361
2362
2363
2364
2365
2366
2367
2368
2369
2370
2371
2372
2373
2374
2375
2376
2377
2378
2379
2380
2381
2382
2383
2384
2385
2386
2387
2388
2389
2390
2391
2392
2393
2394
2395
2396
2397
2398
2399
2400
2401
2402
2403
2404
2405
2406
2407
2408
2409
2410
2411
2412
2413
2414
2415
2416
2417
2418
2419
2420
2421
2422
2423
2424
2425
2426
2427
2428
2429
2430
2431
2432
2433
2434
2435
2436
2437
2438
2439
2440
2441
2442
2443
2444
2445
2446
2447
2448
2449
2450
2451
2452
2453
2454
2455
2456
2457
2458
2459
2460
2461
2462
2463
2464
2465
2466
2467
2468
2469
2470
2471
2472
2473
2474
2475
2476
2477
2478
2479
2480
2481
2482
2483
2484
2485
2486
2487
2488
2489
2490
2491
2492
2493
2494
2495
2496
2497
2498
2499
2500
2501
2502
2503
2504
2505
2506
2507
2508
2509
2510
2511
2512
2513
2514
2515
2516
2517
2518
2519
2520
2521
2522
2523
2524
2525
2526
2527
2528
2529
2530
2531
2532
2533
2534
2535
2536
2537
2538
2539
2540
2541
2542
2543
2544
2545
2546
2547
2548
2549
2550
2551
2552
2553
2554
2555
2556
2557
2558
2559
2560
2561
2562
2563
2564
2565
2566
2567
2568
2569
2570
2571
2572
2573
2574
2575
2576
2577
2578
2579
2580
2581
2582
2583
2584
2585
2586
2587
2588
2589
2590
2591
2592
2593
2594
2595
2596
2597
2598
2599
2600
2601
2602
2603
2604
2605
2606
2607
2608
2609
2610
2611
2612
2613
2614
2615
2616
2617
2618
2619
2620
2621
2622
2623
2624
2625
2626
2627
2628
2629
2630
2631
2632
2633
2634
2635
2636
2637
2638
2639
2640
2641
2642
2643
2644
2645
2646
2647
2648
2649
2650
2651
2652
2653
2654
2655
2656
2657
2658
2659
2660
2661
2662
2663
2664
2665
2666
2667
2668
2669
2670
2671
2672
2673
2674
2675
2676
2677
2678
2679
2680
2681
2682
2683
2684
2685
2686
2687
2688
2689
2690
2691
2692
2693
2694
2695
2696
2697
2698
2699
2700
2701
2702
2703
2704
2705
2706
2707
2708
2709
2710
2711
2712
2713
2714
2715
2716
2717
2718
2719
2720
2721
2722
2723
2724
2725
2726
2727
2728
2729
2730
2731
2732
2733
2734
2735
2736
2737
2738
2739
2740
2741
2742
2743
2744
2745
2746
2747
2748
2749
2750
2751
2752
2753
2754
2755
2756
2757
2758
2759
2760
2761
2762
2763
2764
2765
2766
2767
2768
2769
2770
2771
2772
2773
2774
2775
2776
2777
2778
2779
2780
2781
2782
2783
2784
2785
2786
2787
2788
2789
2790
2791
2792
2793
2794
2795
2796
2797
2798
2799
2800
2801
2802
2803
2804
2805
2806
2807
2808
2809
2810
2811
2812
2813
2814
2815
2816
2817
2818
2819
2820
2821
2822
2823
2824
2825
2826
2827
2828
2829
2830
2831
2832
2833
2834
2835
2836
2837
2838
-2.694928849942423 0.415335483796628 0
2.685081671351988 -0.3636363636409078 0
1.370191779427049 -1.697888872570161 0
-1.319750281370758 1.693317923289114 0
-1.295155025916787 -1.651725904413734 0
1.305775749655704 1.691331994395157 0
0.5806251184280682 1.725096333157844 0
0.1760381306298427 0.4749509197568148 0
-0.5542419959564975 -1.73155453034925 0
-0.1761134728699485 -0.4752070442775503 0
-0.5952770287551585 1.720647147779958 0
-0.1760381315410316 0.4749509194584255 0
0.5432550642979793 -1.680094608404074 0
0.1760381315410316 -0.4749509194584255 0
-2.677535623837541 -0.7400198886533127 0
2.700453469978454 0.6944407962862621 0
2.032832095220774 -1.700715653520503 0
-2.050566344125332 1.695786856814137 0
-2.087336410172352 -1.631869842693393 0
2.053419224077203 1.68707580533622 0
2.688167317995026 -1.086196745449555 0
-2.666706755338274 1.045521827846526 0
-2.704418839329713 -1.411556016922544 0
2.718278126679835 1.449635503176978 0
0.8659628369519181 -1.684370692646166 0
1.108230036745343 -1.368696850370625 0
0.2522261665853107 -0.4393807059512406 0
0.2971097234795741 -0.4102352479772233 0
0.7092946071912929 -1.42939601882007 0
0.474988656082213 -1.403286632551901 0
-0.05729484241082625 -0.5035561589558047 0
-0.1100517518268989 -0.4944254318964883 0
-0.00382883882356773 -0.5065136728524153 0
0.04965395088590015 -0.5040848173038895 0
0.102572332257762 -0.4960309347042058 0
0.6129832279976896 -1.192323668572979 0
0.3767806917996751 -0.3389140033474523 0
0.3385293959561517 -0.3757435825278518 0
0.4096962432749472 -1.197308432608832 0
0.497922975676781 -1.043590321923987 0
0.3442300530441867 -1.033388630655895 0
0.4316439083372587 -0.8961293032349423 0
0.5656151000775435 -0.9115664758807929 0
0.4322443320386657 -0.2654459161710121 0
0.4049877060081743 -0.3028528704170402 0
0.516169771091714 -0.7986119222405459 0
0.6289063185449516 -0.8037097097676504 0
0.4613968670705254 -0.2116933107498243 0
0.4466456475241925 -0.2392085150278178 0
0.5706799342017567 -0.6905621428018817 0
0.6805477160314392 -0.7049746745881503 0
0.6344190902057365 -0.6072635175690211 0
0.4827485622507711 -0.1544246257662477 0
0.7309696990084655 -0.6130661675270189 0
0.4891053964924833 -0.1323818933498368 0
0.4749509197568149 -0.1760381306298427 0
0.4933774878223945 -0.1103889323468552 0
0.6724646025677192 -0.5219151856971532 0
0.7769667976303309 -0.5268274542393566 0
0.7254341258852952 -0.4410183325215971 0
0.5052528513444714 -0.04247623787700198 0
0.5016702007402728 -0.07248862036500235 0
0.8225734484352325 -0.4431433827735801 0
0.5048392999079262 -0.01985355594382515 0
0.8756093028434888 -0.5288882207550969 0
0.9216181419717807 -0.4377360323954061 0
0.8638595509082185 -0.3538447075665782 0
0.5050498414828701 0.04205941939161977 0
0.5067299407468859 0.01150694465866409 0
0.9668359006031301 -0.34576708599859 0
0.5026058386480137 0.06422179099846972 0
0.9089579199796933 -0.2684234301685807 0
1.010796387134931 -0.2517258840945982 0
0.9494815641814116 -0.1627811822388124 0
0.4832340335796482 0.1552987969041026 0
0.4953353542748827 0.1179208497793527 0
0.4982673186588505 0.09538129916077701 0
1.072032695302563 -0.346741948644608 0
1.063638673805061 -0.1579348610356304 0
1.003320052001388 -0.0566038121924509 0
1.121995515430583 -0.05602643922012216 0
1.047974045369318 0.0444530861124794 0
0.4400773965727665 0.2522765321530969 0
0.4622810738750741 0.2116358220886778 0
0.4717530549751713 0.1828406060220258 0
1.173879544187079 0.06253731111108006 0
1.266634997723515 -0.0693768130887996 0
1.07434974199481 0.1688690591221603 0
1.23335634775781 0.1876999726789428 0
1.14749704339465 0.3065858142999989 0
0.386650823917024 0.327213633890341 0
0.4141269066480854 0.2901139014692715 0
1.304928151977697 0.3246334476837765 0
1.002538075235446 0.2949147755383875 0
1.059595932794903 0.4209603393269863 0
0.2855961688438415 0.4202206912837394 0
0.2387762619333216 0.446714371534316 0
0.3260609643833051 0.3869768595825105 0
0.3570273249286802 0.3619863696586189 0
0.9079824928193593 0.395129766131674 0
0.9739798156130168 0.5309818036337567 0
0.8191416648528169 0.5211374771775601 0
0.2838146405108138 -0.8920515895872998 0
0.9299865215259194 0.02386862970674989 0
0.2134254572272132 -1.004827560839513 0
0.1813566801979749 -0.9094359653549877 0
0.09953799087556682 -0.9631952607603063 0
0.02952313520730378 -0.8542481044126597 0
-0.02104063009253963 -0.949853286655718 0
-0.2388423113004827 -0.4486501796923253 0
-0.2115701659831771 -0.4589446643380767 0
-0.06568129378285401 -0.8502877998121572 0
-0.1281164722719008 -0.9325047764123537 0
-0.2910639961147134 -0.4149709443411675 0
-0.2720140467765093 -0.4277588582112273 0
-0.1584513897684886 -0.8180445858814221 0
-0.2316924984721805 -0.9102153571289986 0
-0.2640928841683483 -0.8102088198158151 0
-0.3554525862587822 -0.360861584316813 0
-0.3271515234732543 -0.3887551086272503 0
-0.3096293885856132 -0.4014153245275809 0
-0.3375382649585354 -0.8914796719447484 0
-0.3723725712548124 -0.7872386303903733 0
-0.4010751137894247 -0.3093642961530415 0
-0.3821094278962336 -0.3344401533761419 0
-0.4449471190222039 -0.8694275789495184 0
-0.4803380529298738 -0.7507943034211155 0
-0.4354396538797997 -0.2587653544317068 0
-0.4225567936107872 -0.277538542021307 0
-0.5553045655861237 -0.8486520963539934 0
-0.5923112690899177 -0.7406787658538289 0
-0.4644416677454647 -0.2054612707658885 0
-0.4514687368378508 -0.2321618370388433 0
-0.6720110888962602 -0.8274986553209107 0
-0.706065779814698 -0.7193966595830631 0
-0.7938568343993833 -0.8065113624487875 0
-0.8218593844029658 -0.670589513614988 0
-0.4947093186434537 -0.1101339966204517 0
-0.4824364147527673 -0.1543444571891434 0
-0.9281504852562973 -0.7841319939161822 0
-0.9705758944149361 -0.6484607109834166 0
-0.8799962337564021 -0.5437138898728121 0
-0.5050601002604305 -0.04205720472191222 0
-0.5005542755263479 -0.07242575417176741 0
-1.008293504702225 -0.5153698495691306 0
-0.915024391018244 -0.4041687544441251 0
-0.5067500556863926 0.01915300893543743 0
-0.5065996458282618 -0.003608551393455575 0
-1.042899019328119 -0.3870120038587224 0
-0.9650601959985817 -0.2896523134334781 0
-0.4981633535548894 0.08691138565234992 0
-0.5051535509698655 0.05692486521218785 0
-1.078284183816461 -0.2676368711552637 0
-0.9862626882799997 -0.169447560706531 0
-0.4849865393787705 0.1471222513391229 0
-0.4920651478133659 0.1168724651175856 0
-1.118611812417607 -0.1356767439104157 0
-1.032889846875544 -0.05348751130101989 0
-0.4635736876927226 0.2051312287387613 0
-0.475188476103351 0.176127457020558 0
-1.148927658899523 -0.02211603016560565 0
-1.061812315511496 0.06043803033987486 0
-1.183719627370724 0.09366991507266531 0
-1.092507410503273 0.1842675466072608 0
-0.4104736012397127 0.2972596024024223 0
-0.4358456772417059 0.2591487095765465 0
-1.223964428143709 0.2200739535679297 0
-1.251985343336255 0.01362979085578004 0
-1.184543376043444 -0.3443402784523282 0
-1.12681232461371 0.3179226724875781 0
-1.26512057516239 0.35688254071508 0
-1.004771700865685 0.278969835975756 0
-0.3714125062706269 0.3443254144516153 0
-0.3853868072293427 0.3271304789336531 0
-1.028799798840433 0.4097222022254233 0
-0.2847820766100848 0.4192799789695375 0
-0.2389313642381299 0.4469651409803069 0
-0.327213633890341 0.386650823917024 0
-0.3499614703835393 0.3661888129686476 0
-1.049684129832621 -0.7535956912278075 0
-0.898694765390316 0.3626470669458293 0
-0.931353347237457 0.5015309060876046 0
-0.9530569232892618 0.03239058238749714 0
-0.8104898249748189 0.4652249149127093 0
-0.8391096697936932 0.5938911278194521 0
-0.7067672758661709 0.5462872449891883 0
-0.9694881180297028 0.6291888865876698 0
0.8175183298188357 -0.2866139147906748 0
-0.6218753275352242 -0.6423993726109358 0
0.8919958135384125 0.6446822618705704 0
1.048737736499168 0.6478343967338687 0
0.7462247397114311 0.6434197172455977 0
-0.8794229950321309 -0.210864420917131 0
0.4674554722412718 -0.700248654449695 0
-0.7464144667070877 0.6847693933660529 0
-0.6025155162710156 0.6538593880482941 0
0.6498816823148645 -0.4532152511793005 0
-0.7793316239092944 0.3559483738641456 0
0.7819272676290573 0.411877929229589 0
0.2597867828079228 -1.36299582173621 0
0.7543563631192769 -0.7919603240574358 0
0.1296630012683942 -0.7857566999373991 0
-0.4076559084205587 -0.7028239566033859 0
-0.6532780568637707 0.7820770552923504 0
-0.1091398934318846 0.4937879502097999 0
-0.1397038724482347 0.4868783511452662 0
-0.5184812423946145 0.7564826904409445 0
0.8052384640949182 0.7631451937504182 0
0.6619201192939974 0.7434979763918902 0
-0.09851418259701183 -1.063565962597608 0
0.3869071835703093 -0.3274328808391279 0
0.365528696199806 -0.349646243066993 0
-0.8843193668460407 -0.9219802492901193 0
0.4234890191324781 -0.2783640858264547 0
-0.2164174450906611 -0.7425764166588642 0
0.6155801379559532 0.6190298041463942 0
0.5329253105886386 0.715756902053209 0
0.01068518338030551 0.5056397276227105 0
-0.04203536837888511 0.5047779615335104 0
0.06493568196020572 0.5030647127183852 0
0.110108201189133 0.4946842380987429 0
0.1387465266115755 0.4862696101982133 0
-0.0730727052919091 0.5004724174502972 0
0.5739768782125545 0.8464696753155075 0
0.4382667826292876 0.8125496400324171 0
0.4666988993941535 -0.1974394136869526 0
0.35629744393864 -0.3614086441075021 0
0.4410305243040057 -0.2536559237189779 0
0.4546776509810901 -0.2261890888344338 0
0.3971702924923259 -0.3155308015286029 0
0.4151680272456699 -0.2920101884137326 0
0.5025170277241194 0.6056836799994512 0
0.5514629798226715 0.5335801180302457 0
-0.5551029967501164 0.8780577525349136 0
-0.4250538667847952 0.8393354499210431 0
-0.7023870140397579 0.9244598575955507 0
-0.5906799295622761 0.532863708695211 0
0.9864443664173081 -0.5280026623665919 0
-0.3884388980986299 0.7059391484750649 0
-0.3082463500143341 0.7970907981046076 0
-0.3297021727026215 0.9299517954109412 0
-0.1911216706695438 0.8661937210026773 0
-0.2187044052606495 1.021404828081992 0
-0.07878480798087056 0.9749765486146293 0
-0.3652417046522977 1.07445213338435 0
0.4717029169085912 0.532468202667474 0
0.421263798867535 0.584045850860613 0
0.5085378908551523 0.4691719487285764 0
0.4655724964754937 0.9509309546236807 0
0.6283591707907538 0.9902610484956177 0
-0.5264409480783148 -0.9550605157995147 0
1.39730866140796 0.1887106036873925 0
1.478682660531789 0.3550765729735836 0
1.587572832795649 0.1951910092557924 0
1.680389143183644 0.3687824301732224 0
1.553603567607929 0.5455512987555118 0
1.793093063929925 0.1902381111514246 0
1.694158340882979 0.02963223827639729 0
-0.05578568586639966 0.840816024207614 0
-0.2796401236394995 0.7051368152230528 0
-0.3661417037663598 0.6140127859814477 0
0.3953829138687722 0.5181138018370672 0
0.3581917879711631 0.5649639941772082 0
-0.1008606475822911 1.142783265526882 0
1.783099782914344 0.5637795168876929 0
1.637567805396069 0.7628965047906486 0
-1.372526447328196 0.2442839858357462 0
-1.423600344333919 0.4112254525724914 0
-1.548334970544215 0.2652686663820357 0
-1.608269772828295 0.4532357716443005 0
-1.466225410312632 0.6011978573780531 0
-1.668866878775509 0.6467518403585217 0
-1.744073396582939 0.3069579135829379 0
-1.674014242918547 0.1164714712125041 0
-1.883941737884979 0.1505643767998181 0
-1.807039739207611 -0.06414726716958485 0
-2.037606304119627 -0.01946611323583033 0
-1.955676359553677 -0.232715050523584 0
-1.514490923181999 0.8090095655856182 0
1.908234597807983 0.00382897302821085 0
1.764947111947628 -0.183531873955786 0
-0.301233348751951 -0.9878744289366893 0
0.3347838469422365 0.5194050233885005 0
0.3073481748570793 0.5551535007388539 0
0.2043930222989051 0.4634558073445814 0
0.2185724507803679 0.4558421115790286 0
0.3180165572787135 0.6042374468264521 0
0.25908586260292 0.5794923803440621 0
0.2760100954762938 0.6469238865896473 0
0.2215798514508097 0.6202898461561377 0
0.2236314488042271 0.688942880594821 0
0.3742169192536236 0.4732417487938464 0
-1.943440109470522 0.365032552428546 0
-1.752481278245197 0.8631160382885679 0
1.900569833768648 0.781749520071906 0
-0.8017128090127473 -0.4517790516901333 0
2.02284583771787 0.2033872357680868 0
-1.722890481390273 -0.2810946564584498 0
-1.887776822739536 -0.4415022962281416 0
-1.642522654896268 -0.49244809945963 0
-1.808448841857588 -0.6700363605285312 0
0.06202687423981908 0.9143152367667715 0
0.156796745737186 0.6847585721637407 0
0.2910614009835708 0.5085102875651417 0
0.2654668012236163 0.4302961881616617 0
0.1483335150405768 0.6067624868372948 0
0.1126202427017811 0.6406626177198007 0
0.5838900167482824 0.4664526385035987 0
0.5457570940479279 0.4115774478807418 0
0.4915569052012643 0.410183019306658 0
0.512209039277473 0.360241498030396 0
0.56718843825459 0.3600868599095268 0
0.5388336547619362 0.3191737704837855 0
0.58401847175971 0.3150868994419902 0
0.5532093654046449 0.2775707154317709 0
0.6001103575373401 0.2730394397914568 0
0.5716863975937659 0.237866365173287 0
0.6177466972057993 0.232732053923821 0
0.5910120817036161 0.1971784091849648 0
0.6357038769320998 0.1920443978089524 0
0.6082481042214486 0.1561299628034849 0
0.6536815527297102 0.150836014516271 0
0.626783221125777 0.1174360385743948 0
0.6711460501104664 0.1086185244702783 0
0.6404860607043755 0.07289062919438111 0
0.7094111063785562 0.1478384235536852 0
0.6903299576046266 0.0651250367196699 0
0.6602010352819415 0.02880862924313432 0
0.6151233519695938 0.03630212621407618 0
0.6268177075415681 -0.008875621416526418 0
0.6751850927202263 -0.0150341449671736 0
0.6445671251191769 -0.05052087826878377 0
0.6897583222505547 -0.05908797824624978 0
0.6565600185834992 -0.09322464446434808 0
0.7271879078212677 -0.02139780470872738 0
0.612116128201002 -0.07992154150986484 0
0.6248336656384351 -0.1218876326028832 0
0.5869660139640954 -0.1133310042715684 0
0.5997593677318183 -0.1495627263013915 0
0.6347930870029491 -0.1613856555783952 0
0.6053645679265247 -0.1870273575137101 0
0.5768777231060149 -0.08079385090201645 0
0.5715352209069796 -0.1712933102880193 0
0.5768592766689649 -0.209495290780941 0
0.6122522970266495 -0.2255298443008817 0
0.5752183623951995 -0.2489360318447779 0
0.6175172338062039 -0.2694942914628383 0
0.581603205054672 -0.2929780638449441 0
0.5457035303544151 -0.2772232957654402 0
0.5479755807978973 -0.3131844612159206 0
0.5127168131651735 -0.297242296355934 0
0.5171312599507204 -0.3312356163356009 0
0.4871185302973325 -0.3163075695101878 0
0.4898599322261353 -0.3477385954805399 0
0.592377102471274 0.005773611281348037 0
0.5798939322829503 0.0324153083791999 0
0.5469430116554017 -0.1954170019442829 0
0.744058094050336 -0.07466314399864493 0
0.4613240911137115 -0.3319548231272682 0
0.459211637818447 -0.3652935197813518 0
0.4913624857762728 -0.3799887809486993 0
0.4618816598435125 -0.3985161514285926 0
0.4938734242818266 -0.4143596422531047 0
0.4615819430480335 -0.4332570966111813 0
0.4293325079068033 -0.4116899726539734 0
0.4291160765859786 -0.4495001833164547 0
0.4021486075674392 -0.4292341298963741 0
0.3945508789565821 -0.4631462283384036 0
0.4284142602237401 -0.4866539735591855 0
0.3930642354262227 -0.5020216428852766 0
0.2184332816798921 -0.457350593921253 0
0.4952426213475631 -0.4546367683777353 0
0.2321471990885196 -0.4505102850274845 0
0.2045221510365788 -0.4637431304089624 0
0.3657004043497616 -0.4834182519565975 0
0.3593448246321717 -0.517367635771673 0
0.3326451776473821 -0.4926283249134665 0
0.3260691102464343 -0.5304813260656042 0
0.2959062295048807 -0.5052557780044197 0
0.2927238785523394 -0.543937742406526 0
0.1397895155662595 -0.4871842750881236 0
0.1250299959818978 -0.4911745249580411 0
0.1543444571891438 -0.4824364147527672 0
0.261622206024071 -0.5198464832973365 0
0.2597358220800021 -0.5570329251406054 0
0.2876068426309553 -0.5756794103080115 0
0.231204432650595 -0.5373829165614281 0
0.2291218066960445 -0.5718544783628052 0
0.201523782173725 -0.5509873656006794 0
0.199170542966903 -0.5875272633450563 0
0.1663235327028238 -0.5584588924524442 0
0.163240317224882 -0.5984203657242227 0
0.1342655859539926 -0.5787382453548446 0
0.1949090554750392 -0.6257162509194039 0
0.1302681276311073 -0.6136324560152712 0
0.09820384957716971 -0.5868461714733165 0
0.09629544543007942 -0.6273020067098375 0
0.06463104773610685 -0.6044859924263153 0
0.06040365497958997 -0.6434553601807113 0
0.02943914113171247 -0.6185898465448763 0
0.5538440725295692 -0.3563892822441628 0
0.5842141710953952 0.1212625239573025 0
0.6651126946689112 0.2288711543758206 0
0.3552730663205991 -0.555401894658933 0
0.4269643848518752 -0.5273759479528155 0
0.03739388352194333 -0.5829885773075836 0
0.001934982271287538 -0.5893585733866008 0
0.0183394498904364 -0.5052290879493412 0
-0.006871383739047989 -0.6311109477472321 0
-0.03581383730987824 -0.6035938889481131 0
0.03440626423781048 -0.5053554089379555 0
-0.04573634152352882 -0.6423030483334572 0
-0.07603330738601555 -0.606406560573362 0
-0.01306479230452406 -0.6765903669372118 0
0.5121798270048542 -0.2627638548011552 0
0.4634983223149446 0.3665190703535546 0
0.3047944507874444 -0.4756992704191422 0
0.2783209305829864 -0.4244970495266938 0
0.2653125530862018 -0.4314817474775458 0
0.6310191161125747 0.309888080138825 0
0.5143166587284707 0.288171734679176 0
0.450546158972304 0.2315166631174316 0
0.1346880595918949 -0.6613957399932414 0
0.5503153691840766 0.2050404884679256 0
0.4392191121694736 -0.3469556543079305 0
0.5581107153320624 -0.1006071481573404 0
0.5396912421874764 -0.1657838646979286 0
-0.02487046040159317 -0.5690053012784276 0
-0.03479421965865777 -0.5038455117819024 0
-0.01780209298677635 -0.5075455013543464 0
0.4003369719431751 -0.4010221865319335 0
0.3788499826189142 -0.4128741852094838 0
0.3154541333814777 -0.3964156476123306 0
0.4484826368038353 0.4021346703439823 0
0.5640113747224514 0.01021955676710969 0
0.5487720460652206 -0.07648444842562523 0
0.5517721647014089 0.03477178764824868 0
0.1140856084771105 -0.5593121598766665 0
0.0722059379935035 -0.5014408537204669 0
0.08754354279925743 -0.4989017281660718 0
0.562583731701557 -0.05702995844170612 0
0.4307104743305643 0.3730508410855332 0
0.4010751137894247 0.3093642961530415 0
0.3721645039950877 0.3446928812364501 0
0.4139362761284526 0.396121229693054 0
0.4509643380295033 0.3365546958535182 0
0.6553444284726149 -0.2405449992010771 0
0.5184183054467325 -0.1865660116712286 0
0.4617390560839148 -0.3064737467649671 0
0.5361991765585455 -0.09563652230340872 0
0.09138876089385629 0.5992249525428859 0
0.0541439750796785 0.6187983164032372 0
0.6623595425689441 -0.2923939500583361 0
0.2047018277217568 -0.5198914044404978 0
1.7438337103281 0.9943024116996317 0
1.478351049004503 0.9647009752352019 0
-2.204252792762085 -0.1949700410828407 0
0.5110642469052632 1.114438220989745 0
0.7078734006500831 1.165312759747138 0
0.03963647993916466 0.5816389312978754 0
0.009386929396483836 0.5997999422773348 0
0.04148183135372115 0.5055290526175109 0
0.0276179846102028 0.5069074267760275 0
0.5662102425973327 0.05500579140898423 0
0.5442348291824686 0.05649312326068934 0
-1.571776005832911 1.04102299606812 0
-1.305726231741579 0.9780367199043377 0
2.031904430973685 -0.193482456666089 0
1.908721160136766 -0.4028072495910566 0
1.666908709666588 -0.4072465045816843 0
1.788744075085222 -0.6138115886250995 0
1.526510454531025 -0.608029320842386 0
1.662978870123797 -0.8190619467352379 0
1.442636923720624 -0.835422909868403 0
1.54700978495 -1.032008950499986 0
1.921775807976048 -0.8292559700030609 0
2.038258506214532 1.061741077653859 0
0.1296472427116077 0.5591704361163736 0
0.08759675136374408 0.4993155535172481 0
0.5411951099202309 -0.05548847576521499 0
0.5401969914050758 -0.115719573235248 0
-0.06329215662311566 -0.688162183602132 0
-0.0003418690123308636 0.5635172971505837 0
-0.03100722505051833 0.5828949835109974 0
-0.01867864270897312 0.5090130553543754 0
-0.004574443149402164 0.5055826111365654 0
-0.02980637786385553 0.6312686034489237 0
-0.07186691445626629 0.6121527033665236 0
-1.557263921137693 -0.7081872954520665 0
-1.702202655187621 -0.9093628994586758 0
-2.002610628393562 -0.8470755046992499 0
-1.423836855559688 -0.9254332591173378 0
-1.607832772319718 -1.146034989637098 0
0.4219204351063762 0.433048495566219 0
-0.06569433007324571 0.5720082311510956 0
-0.10683297666217 0.5833628420825302 0
-0.1120535100019211 0.6373434789722842 0
-0.1522586446590692 0.6069081308528399 0
-0.1415235187824883 0.5654015653642023 0
-0.1821909828875973 0.5724405299510641 0
-0.2115344920729467 0.4606800749972629 0
-0.1969715710568442 0.4680917386723887 0
-0.1841679337031027 0.539827067678177 0
-0.2120064309796118 0.5465522134414486 0
-0.2155020221248362 0.5139714649851612 0
-0.241163367807417 0.5279343410103089 0
-0.2326897331736281 0.5005215610796927 0
-0.2604620369193738 0.5057080171477812 0
-0.2589316364332985 0.435756366440695 0
-0.2707645749133399 0.4271991821652192 0
-0.2521212839357152 0.5612998224195395 0
0.5155957749459692 -0.1650803123012282 0
0.3808901815250889 -0.3908895502149978 0
0.3975344270280102 -0.3785326305691247 0
0.3614475131989111 -0.3993486266374586 0
0.3592491937276411 -0.4204733610681526 0
0.3357310750444095 1.063920017468099 0
-0.265720189556256 0.4806916342675459 0
-0.2882002101426899 0.4901480148608174 0
-0.2929181498555218 0.5205813113030131 0
-0.3172351757681056 0.4972269360053247 0
-0.3068489147782233 0.467241368395247 0
-0.3391160853397773 0.4737490360032049 0
-0.309986857318516 0.4026015718919935 0
-0.2979782937755974 0.4129081971781737 0
-0.3519658265132265 0.5079763641579792 0
-0.3772126833508916 0.4738923666312408 0
-0.393062013702643 0.5170809304887405 0
-0.4208854541006617 0.4814496726362131 0
-0.4033344017260396 0.4398793337717921 0
-0.4465138818772508 0.4457398093592382 0
-0.426316927247435 0.4025804315438187 0
-0.4695902413800539 0.4114935379242821 0
-0.4537742407850393 0.3757140155556448 0
-0.4923492561447918 0.3802908688089279 0
-0.4772906297710381 0.3425697134538663 0
-0.5138167067104219 0.3493072928283789 0
-0.4505475206673502 0.2321252893510877 0
-0.5019188592696686 0.3160278172203167 0
-0.4232721140618628 0.2782237797371475 0
-0.5359290757183515 0.3197731110309259 0
-0.5213356319128384 0.2895314161110336 0
-0.5569888868110662 0.2906100770263749 0
-0.5374281232922385 0.2587448201314004 0
-0.5775817211143137 0.2598477053760961 0
-0.5614329978533256 0.2254977822575681 0
-0.6008921535077101 0.2291372299885287 0
-0.5808507781539433 0.1911679572565306 0
-0.6247700048720436 0.1964840436978644 0
-0.6072865357418997 0.1605249878850209 0
-0.6518212928190252 0.1622260642784198 0
-0.6265420793389028 0.1204501074894511 0
-0.6742597324502495 0.122535743738222 0
-0.6572372035603826 0.08262360528446586 0
-0.6139336042032038 0.07701865806526435 0
-0.6387950063817953 0.04423384246724164 0
-0.6832292381182166 0.0447167703211805 0
-0.6548699388627893 0.00289181392276168 0
-0.7078029109512736 0.002162889758483007 0
-0.6810196374992291 -0.03901164990539727 0
-0.6347079962537738 -0.03980014154531661 0
-0.6555697167977961 -0.07709021567142371 0
-0.6107439507346952 -0.07656360351331877 0
-0.6317677161785001 -0.1117718598465476 0
-0.7354026020615976 0.0487184625213622 0
-0.5977336080783557 -0.1105756049295966 0
-0.6073072444076709 -0.1446872866658235 0
-0.661849679253381 -0.1486569923509089 0
-0.6278667020387899 -0.1823458780955741 0
-0.5882692814278427 -0.179223794280831 0
-0.6018208256913691 -0.215996080008534 0
-0.6438865781847087 -0.2289475641650129 0
-0.6137689686734624 -0.2581963359166647 0
-0.5699324475687894 -0.2453881504926998 0
-0.5831479146957036 -0.2893828664645574 0
-0.5406573085589504 -0.2789207271678537 0
-0.5537366667538767 -0.3192060716690149 0
-0.5143822379178199 -0.3105831852658077 0
-0.5252372429760935 -0.3492045200339927 0
-0.567289138492201 -0.3602300133932763 0
-0.5348913441485008 -0.390631179873856 0
-0.490592275236417 -0.3738276450583282 0
-0.5019264688258347 -0.4194245758087257 0
-0.4623331030394707 -0.4058683129145086 0
-0.4705200438255993 -0.4485963637614186 0
-0.4278593161405011 -0.4308681424453841 0
-0.5950099483299491 -0.04233160420532769 0
-0.5738501614268868 0.3247343527614263 0
-0.4379668988389707 -0.4766973173268571 0
-0.3933861646698869 -0.4608711092369512 0
-0.6256407166074407 -0.3066909003701128 0
-0.7024680818879137 -0.08411579996302485 0
-0.5998476939372713 0.04168404822896123 0
-0.5802290744144812 -0.4040820405914709 0
-0.513268950914242 -0.4646258488763266 0
-0.5794504188716203 0.06983565141189153 0
-0.5364464059202154 0.3877642111230982 0
-0.5685838377427137 0.1550111855786397 0
-0.4053979918050818 -0.5044627801763365 0
-0.364927487021555 -0.493150397669222 0
-0.4457564616950994 -0.5207459080961934 0
-0.6186405140764099 0.2663429833226382 0
-0.6752911296195651 0.206497471985518 0
-0.5317762402551912 -0.2436981167916836 0
-0.452623577516157 -0.3699068430323279 0
-0.5659353800495875 0.04542354119869901 0
-0.3936577206787962 -0.4261660283082623 0
-0.525605048030957 0.2281094836209362 0
-0.372650437012598 -0.533331347079954 0
-0.3350244684072504 -0.5189227373102027 0
-0.3274963457143799 -0.4811145650238954 0
-0.3010613162445429 -0.5056001993089495 0
-0.3048262916047246 -0.5413143985819896 0
-0.267816199481388 -0.5239086493451237 0
-0.2747275545167273 -0.5637116694689512 0
-0.2399280780177855 -0.5484515321418681 0
-0.1401502506881497 -0.4874776587704829 0
-0.1247191360427781 -0.4910169494174519 0
-0.1544873860162165 -0.4855532467994085 0
-0.2442171906312422 -0.5868991198496553 0
-0.2097063345701097 -0.5694383752684793 0
-0.5485972700189229 0.06770189169429444 0
-0.7650387317780869 -0.001502761043129452 0
-0.2071871371635155 -0.5310636937844914 0
-0.1795115835942031 -0.551953205184822 0
-0.1748735681143146 -0.5871254690912215 0
-0.5414390569055796 0.04634415011626759 0
-0.5504292094039556 0.02861630913502059 0
-0.4437658011923751 0.3435956038895929 0
-0.489532759120366 0.2891560593697352 0
-0.2719322786417835 -0.496531663055593 0
-0.4400181716729901 0.5284392889211708 0
-0.5603020239866453 0.09028141343925342 0
-0.282827822643054 -0.6054867646082164 0
-0.3922607519575588 0.4040783109139027 0
-0.3271205875649622 0.4466179608110097 0
-0.1782084423144224 -0.5209805788360438 0
-0.1552686920763968 -0.5373983926932164 0
-0.1982165032634425 -0.5064554516993096 0
-0.5371694398871608 0.08776771946291839 0
-0.5440740444656214 0.1067805623305709 0
0.4209548362355039 0.3429793510033922 0
0.931994389044482 -0.632933541547702 0
1.061470517428756 -0.6331908935801931 0
0.9917797934950194 -0.7620410200694461 0
0.55452694563237 0.07412654414941762 0
0.532648593177011 0.07469166139917555 0
0.5013675551419748 0.07987343989696327 0
0.54317775799318 0.09166742455721637 0
1.449100668218573 -0.3982800191063897 0
0.5388369186388707 0.01375051772854945 0
0.5484848200810234 -0.005686664462857813 0
0.3813135879606284 1.249859981312994 0
0.524795727168084 -0.2109276417420234 0
0.5002289473405103 -0.2040578060386959 0
0.3431334679469546 -0.4076590055737249 0
0.3375859988417373 -0.4285780476254175 0
0.327257001050817 -0.3867009530182939 0
-0.5251431384627275 0.1006275233146823 0
-0.5276959988146731 0.1180039550135768 0
-0.4973790560831011 0.1021053704707429 0
-0.7963952554937992 0.05255413054577716 0
0.07460338054523029 0.5497594659304711 0
0.0395523829574553 0.6895762800240989 0
-0.1597424099206652 0.6612894260876163 0
-1.825029483133505 1.113269415804084 0
-2.017252895234613 0.911746130213948 0
0.392913366069188 0.4183924626305796 0
0.3857969609236367 0.3882431137293523 0
0.3690864978685195 0.4082314770637905 0
0.3102114588175034 0.4018643555206267 0
0.2982535573829327 0.4111180850351509 0
0.5308808781466122 -0.003327876504172779 0
0.5342720049912848 -0.01877101249150404 0
-0.1473582980099812 0.5238356882208832 0
-1.353571534374224 -1.178918672966573 0
-0.5298320024247425 0.06071937949584084 0
-0.5014322076360405 0.07228224551012767 0
-0.4852165207870316 0.4475624902334208 0
0.506087081020943 -0.003742583326068345 0
0.7862005437737132 -0.03059079688740825 0
1.578819190387329 1.218064666688466 0
1.31679114255743 1.169767360215593 0
0.5017904342412672 -0.1763001332130958 0
-0.522766812196925 0.04506310872176775 0
-0.5061331413704176 0.03468370805866718 0
2.186522373781143 -0.3934078884225057 0
-0.1559868280641089 -0.5153850746057718 0
-0.1344096364578422 -0.5266145758790253 0
-0.08758196689409017 -0.4992274166766702 0
-0.1338037571542053 -0.5499109492259719 0
-0.1145311794574208 -0.5353238026231645 0
-0.112430650167911 -0.5613731551024357 0
-0.09166871522816653 -0.5477930782016187 0
-0.1698366723511605 -0.5029161955503558 0
0.5806914377293613 0.07328328748808888 0
0.5354615961177711 -0.4320631041264256 0
0.5306019588197298 -0.4847552117514153 0
1.316302657791657 -1.032017788086121 0
0.5238730890047806 0.09127877884292217 0
0.5330909749843984 0.1076558520461084 0
-0.1831658784899645 0.5038661302876393 0
-0.1616127054559086 0.4800500378723271 0
0.5205702457143474 -0.1090682523037506 0
0.4992925256321467 -0.08759282886071081 0
0.5255058096181804 -0.1243093825569601 0
-1.513865380919846 -0.3127393447406289 0
0.4990853195685679 0.316703985572611 0
0.4844815857521385 0.2879473495784617 0
0.4276675694377055 0.2719744160611954 0
0.4941852073440495 0.2651513933047324 0
0.4688875164569177 0.2673792781599283 0
0.4604940509763 0.2869064525022885 0
0.4790685147914671 0.2482903156172835 0
0.5002759577965885 0.2439430927249584 0
0.4851473906947087 0.2279766084263988 0
0.5050788074556272 0.2235414577341386 0
0.4896637731113441 0.2086707872971713 0
0.4656827815500454 0.1969252731500981 0
0.3615607152150082 0.3879241579012508 0
0.33974142468738 0.3778749742706471 0
0.3484649955523403 0.4042210878830403 0
0.3532024382372194 0.4229346767141525 0
0.3351535942356451 0.4167487341398651 0
0.3376614916535796 0.4359007852437304 0
0.3181000111883362 0.4288322209164389 0
0.3219242132512942 0.4486898140676306 0
0.3028127906972161 0.4409662945897588 0
0.5049694251265995 -0.2230367926016176 0
0.4871438805266592 -0.2174648860306362 0
0.4893746093218314 -0.2331625783661615 0
0.806950246736524 -0.09382812359746973 0
0.7488434575228661 -0.14238664779942 0
0.5098940244007267 0.2044647214244313 0
0.4955094570300951 0.1903832675462278 0
0.4795135315087798 0.1691034470017267 0
0.5148384597392889 0.1860457209283802 0
0.5020862549966859 0.1718564726908854 0
0.5200763975277158 0.1682076885013314 0
0.5093353485404098 0.1551682734041058 0
0.4889325683108726 0.1323341203308215 0
0.5254082848933647 0.1507784123597136 0
0.5402418097850787 0.1639091800585253 0
0.5108290548926557 0.1364082581618424 0
0.02868020863807231 0.541934148227417 0
0.1296609337038452 -1.099992531816226 0
-0.2935747739901162 -0.7345964319024996 0
-0.5664605912789644 0.1112336309454463 0
-0.415385188046041 0.3786027198859999 0
-0.3850203836399078 0.3769902638558638 0
-0.360861584316813 0.3554525862587822 0
0.3259606326498525 -0.4628682850222874 0
0.3062443632736961 -0.4523843066941781 0
0.2880368031416023 -0.4594655059260063 0
0.1763376602179409 0.7553100820561763 0
0.3260312100281016 -0.4128393791270462 0
0.5239853409939954 0.05683811412620994 0
-0.2353545874498121 0.4704565229515966 0
-0.2404390555342907 -0.6359629067757918 0
-2.274404651536494 0.05240857370641715 0
-0.09608242916976087 -0.5270838492675738 0
-0.075750059915995 -0.5331368153199106 0
-0.07244422160369279 -0.501377473992905 0
-0.07058231378047809 -0.5560667177526146 0
-0.05504883035859338 -0.5414682744167658 0
0.5148608034465268 0.1067657208250831 0
-0.235028601343244 -0.5175369662430671 0
0.3784341335321407 -0.3711152547911907 0
0.3949712937211934 -0.3605342473318212 0
-0.4548711965580503 0.3213317280580243 0
-0.4347196257718036 0.3144461394987061 0
-0.4469810911054758 0.3007850907766896 0
-0.4209819138949135 0.3380528624688162 0
-0.4013376917284193 0.3095639473248216 0
0.8284767213481741 -1.220803868283626 0
0.3734972475649007 0.3728111708684628 0
0.5586625430849492 -0.1482835728871306 0
-0.4295196053516869 -0.3919776960602877 0
-0.4225197558822767 -0.3624013204632301 0
-0.4423759971641357 -0.3434514593118269 0
-0.4034482078684511 -0.3830112902751649 0
-0.4189491573303204 -0.3370680524256391 0
-0.4359045604411496 -0.3215053716045891 0
-0.3917860568282707 -0.3215073853628937 0
-0.4567393412103304 -0.3226830295727501 0
-0.4478648024450472 -0.3050772483982706 0
-0.4052947691794964 -0.3525376677821039 0
-0.4295587686291007 -0.3036184188185508 0
-0.4109974215150437 -0.2973187953333464 0
-0.4401491795301123 -0.28872758502711 0
-0.4580674309241789 -0.2899382725352917 0
-0.4499767048875502 -0.2732285179631833 0
-0.4673549129063408 -0.2751503016389235 0
-0.4610032577742994 -0.2596520731139346 0
-0.4771404338847214 -0.2606292378770471 0
-0.4440586178064641 -0.2465772394844862 0
-0.4681505396199438 -0.2449440690078613 0
-0.4564087110556209 -0.2180516252802185 0
-0.4863070065585474 -0.2458717732043841 0
-0.4770253595690287 -0.2296304405369759 0
-0.4725025772940238 -0.1833130996492861 0
-0.4954909299302966 -0.230659006932552 0
-0.4855909800366875 -0.2135860426732308 0
-0.5052264432894031 -0.2152982309993439 0
-0.4969860284870336 -0.2004839510386719 0
-0.5155452527392481 -0.1998754000531759 0
-0.5047159285792026 -0.1840235685579527 0
-0.4892446060603538 -0.1324380170700815 0
-0.4778723686922219 -0.1689589050760176 0
-0.5262900390642898 -0.1835162520853884 0
-0.5151545753827246 -0.1640200321374952 0
-0.5408122405951723 -0.2021421965792003 0
-0.5355408400271439 -0.165071031960435 0
-0.5278115669458041 -0.1466828744052749 0
-0.5495674458460237 -0.1483679944354125 0
-0.539174740440855 -0.1292772243829098 0
-0.5178519958329195 -0.1293093849582728 0
-0.5285120458278639 -0.1120622438099856 0
-0.54883400344596 -0.111115239100732 0
-0.5368456861070927 -0.09489366109934086 0
-0.5180913022269328 -0.09592382690734771 0
-0.5241311677302786 -0.07941607637577815 0
-0.5435548696366479 -0.07741287350818944 0
-0.5322435686287361 -0.0646372530501734 0
-0.5035620455374655 -0.05727565196142126 0
-0.5497547981974349 -0.05997563495857711 0
-0.5359495852850334 -0.04717605807553951 0
-0.4980139132332846 -0.08776083090111256 0
-0.5630213079284178 -0.07480632646086982 0
-0.4972652436344656 -0.2664117038089895 0
0.5226242340118108 0.2379208152527568 0
-1.631438450622383 1.306331485138909 0
-0.7080001569043544 0.4268606501442557 0
-0.2240661986499342 0.4532345779462572 0
2.286291327952723 -0.1588541049041792 0
-2.103160705757458 1.177740802988782 0
-0.1125102972998771 -0.5160433082440259 0
0.305844049181739 0.4627804875889093 0
0.2864738095567252 0.4553879231592017 0
-0.3027616638840117 0.4387890327153017 0
-0.2872522061277228 0.4546474452881966 0
0.3412274195409113 0.6665844620660368 0
-0.3192456234555687 0.4228811514712725 0
-0.3409329512607672 0.4273970911810078 0
0.36342298364087 -0.3753588082344672 0
0.4496362724051659 0.2712656606429084 0
0.4411392466562273 0.2858406461899362 0
0.4504955841453975 0.3021281163821563 0
1.423443862543644 -1.236238392463053 0
1.670596863153835 -1.243248294005488 0
0.4920969562037621 -0.2820185287686424 0
0.2905195432167682 -0.4404312214058337 0
0.3060402838748514 -0.4342654921752346 0
-0.02208909016051584 -0.729704439473423 0
-0.3542470890423051 -0.4592192146453461 0
-0.3270385842993729 -0.449614031248682 0
-0.3451699810953887 -0.4331017457972196 0
-0.3223851263986923 -0.425298967643003 0
-0.3058893355774028 -0.4392035975766478 0
-0.3375456088374491 -0.4111107363932372 0
0.4321590635309154 0.3007327858666 0
-2.463658599107505 -0.1418844727011855 0
-0.615474553085579 -0.01006837751133995 0
-0.5793940103803563 -0.01289765157166061 0
0.407251779585607 0.371889852440521 0
0.4626795842421101 0.2505832697788128 0
0.5324697694794926 0.03102610442955524 0
0.5072073670509886 0.0268461561342292 0
-0.2107718447070685 0.4925295532878463 0
-0.7602861384505889 0.1068816815943672 0
-0.8293748881497965 0.1140991353202273 0
-0.7838571624819604 0.1899569598208234 0
-0.5566673265640834 -0.04216049862399233 0
-0.5441373535148774 -0.02688757796247292 0
-0.5256540811764016 -0.03125452937069363 0
-0.5323682135467402 -0.01427602378608959 0
-0.5075135091051478 -0.01993616714206086 0
0.2751487583736273 -0.4466284433927953 0
0.270487602667957 -0.4636280107863107 0
0.7117984019577778 0.4794681955339438 0
0.8073468850236474 -0.1582335030214437 0
-0.5071900347938629 0.2486996837646124 0
-0.4978769921235468 0.2266064339377583 0
-0.5114290815597583 0.2065262725223606 0
-0.4868001982227321 0.2450056949747331 0
-0.4897941570322422 0.2050308523533409 0
-0.501349138735092 0.1884309450716034 0
-0.5208553262228603 0.1874817437978418 0
-0.5097363992428605 0.1717062075107578 0
-0.4803342036434629 0.1616890413445846 0
-0.4696787458143166 0.1904279552276045 0
-0.48117674583235 0.219979999316068 0
-0.4570706617036263 0.2182973772754607 0
-0.5289714917135515 0.1691363853187424 0
-0.5182195945515594 0.1516953644851873 0
0.5517364220480342 -0.02402469392799267 0
2.181329748505419 0.7865641368872811 0
2.338616819168003 1.067463945542711 0
0.4734661437658809 -0.2258780578419079 0
0.4752848722081022 -0.2422150823523593 0
-0.4184859196586924 -0.318685274347173 0
0.5433730817418019 0.1440456816469746 0
-0.8684800813500971 0.1809851218362519 0
0.2591073449277112 0.7773133466352433 0
0.1976044144905694 1.190766255685697 0
0.2360599867102078 1.419452630977219 0
0.4372769601376496 -0.3262558562094978 0
0.4191394131942162 -0.3374952092819364 0
0.420091913688191 -0.3186633992591658 0
0.4335233468886416 -0.309048164761746 0
0.4866690864636621 -0.1956662275953381 0
0.7043066040606196 -0.2574479401246121 0
0.7123510518477252 -0.3163814374850624 0
0.6957869501294733 -0.1963153343573574 0
0.3540667574845133 -0.7999288311603927 0
0.2621998815225423 -0.7856083466419892 0
0.311603935285423 -0.7225723839274735 0
0.2377114178632398 -0.7148593572631803 0
-0.4760715786907082 -0.2917259691831189 0
0.763720774093124 0.02937968602153865 0
0.06466737232020255 -0.5670133754335851 0
0.0404484575354568 -0.5495808832765301 0
0.07221907644637784 -0.5468685305073216 0
0.05019970619548042 -0.5307616249065441 0
0.01755232788031401 -0.5604796134588473 0
0.02149344089995732 -0.5376478780500362 0
0.003435938761350493 -0.5427134317738419 0
0.009198972236294194 -0.5239247379538241 0
-0.0080976229649807 -0.5275367173913632 0
-0.5185155797637081 0.08507817460730327 0
0.3552498450338734 -0.4432029429203753 0
-0.4295978872252854 0.299047858057528 0
0.5176069663382892 -0.09037149260756853 0
0.5307542684041207 -0.06834811491532457 0
0.5023763204533013 -0.05700099667668801 0
0.5238083378269021 -0.05261044530601203 0
-0.4405770538986399 0.2857692429660832 0
-0.4183320934424422 0.3124948284638903 0
-0.8292918616505456 -0.005307671124935333 0
-0.7914862040829785 -0.06520063809553804 0
-0.8636864063698488 -0.07168594134294951 0
-0.5113206486727175 0.1185276872539446 0
0.231239358834583 -0.5086395615955237 0
0.2099979726877164 -0.4952984148918976 0
0.1901047950026188 -0.4695801136752848 0
0.2300772368051042 -0.4869929236507857 0
0.1906114602549727 -0.5023171339488631 0
0.1825229898856046 -0.530753881400675 0
0.1507874054497812 -0.5385660046367973 0
0.1589490787467512 -0.5136408780542855 0
-0.7583237416747646 -0.5523255169501069 0
-0.6949945342749709 -0.4640444795209298 0
-0.7410650883818037 -0.3760235843872782 0
-0.5205237427107423 -0.046650690577519 0
0.4125313468348337 -0.3659488542167851 0
-0.3338078987511374 0.4095053867434869 0
-0.3518895571234313 0.4103033623006254 0
0.4676892748536455 0.2355145327912322 0
-0.4984115722245835 -0.1683633686901432 0
-0.509039789281626 -0.1454642565613662 0
1.235547673210372 0.9493916584180351 0
1.067867040112017 1.099387878632702 0
-0.4902195705999553 -0.1781497792312232 0
1.151108860278669 -0.7501003026445031 0
1.217473916178542 -0.613781836730949 0
1.068502520137559 -0.8971542626700343 0
0.6601903919452496 -0.3535994235396309 0
-0.5145362899905863 0.6059301635245832 0
-0.4561961595958985 0.2850571679699649 0
0.4174093184248589 0.4694356538605967 0
-0.3066187524686503 -0.4599837434721827 0
-0.2880892670988935 -0.4485182740326899 0
-0.1286925795604557 -0.5094886958328299 0
0.5040052571415023 -0.6173755196437499 0
0.4387667858192539 -0.6272625246787882 0
0.03389049883364839 -0.7028892033530296 0
-0.5108083144311305 -0.112186544308394 0
-0.6871193189864675 0.3331497390202085 0
0.5228257144497932 0.0181832991254197 0
-0.3638227423394969 0.4285261917543482 0
-0.5554335774778694 1.051668752022352 0
-0.7442721308510715 1.090317238384212 0
-0.874945790532499 0.9635840826644917 0
-0.9301550972554546 1.13472479953271 0
-0.6310039353090888 1.253093303975849 0
0.4985122441940204 -0.1601188474695467 0
0.5093717806113649 -0.149321012105268 0
0.5237775164043874 -0.2352834947580252 0
0.5114014205664177 -0.1222431373410516 0
-0.5538993251577683 -0.008692658551825676 0
-0.5369310438094758 0.001703984866940477 0
-0.05839419046370709 -0.5224327318873669 0
-0.04226864905563295 -0.5291526481603689 0
0.8327568000803546 1.013602187342595 0
-0.3583954112032212 -0.4165112173587833 0
-0.3521839463438436 -0.3962531704880335 0
-0.3442543959520974 -0.3709083369428781 0
-0.3706902261761894 -0.4012864109007888 0
-0.3648551746482657 -0.383600911733622 0
-0.6333560543779042 0.3970371899022814 0
0.2068156198167111 0.5759000540848145 0
0.2499488404256848 0.5349451766617542 0
0.2016596421254265 0.5212993777734279 0
-0.5321751890039024 0.03183337365154919 0
-0.5027208861287433 -0.1245596470119285 0
-0.2151762485728312 0.7575309112859033 0
0.4071345296039557 -0.3277593015780933 0
-0.4797456880069703 -0.1981951836143902 0
-0.28959756990383 -0.4324530413972234 0
0.2149925256133858 -0.4771690207284534 0
0.2300232485639667 -0.469899068684305 0
0.2449457200577611 -0.4765114033312412 0
0.241489359434982 -0.4628798183797203 0
-0.5328405883287091 -0.6592807658581578 0
-0.5556753755842662 -0.565572262581939 0
-0.4474843994450544 0.270817409563084 0
-0.443347105524097 0.2456589104386987 0
-0.4648518820930378 0.2692881398949584 0
0.4735927330387879 -0.5047227204144541 0
0.8822912112813759 0.2695718802292271 0
0.7580435498608965 0.2883857784257063 0
0.9418962036744301 0.1896063765691737 0
0.8470851532829649 0.1740398740063384 0
-0.5374468549125576 0.1863731684375524 0
0.2006990225863881 -0.4819278622622348 0
0.2795680930020727 -0.6667128496329864 0
-2.372145432090775 -0.4383814778422748 0
0.2944301132621439 -0.4251191875832371 0
-0.4932201498196387 0.1728790606946278 0
-0.4995871271333773 0.1568368272282457 0
-0.5033679683063778 0.1405300225359347 0
-0.4889841114277323 0.1323483111947669 0
-0.4853130859181815 0.1879193255977867 0
-0.455427767456603 0.2566230176364755 0
-0.1100109326412112 0.6983939382976968 0
0.6919291921231059 0.4040381801541277 0
0.2856103344942901 0.43884929035255 0
0.2718289867318421 0.448962491505845 0
0.2720893430342069 0.4651478916994378 0
0.252310466382539 0.4395988640999193 0
0.2572793687113182 0.4567680442902151 0
0.2577077334116873 0.4744048813031292 0
0.2440972416388832 0.4669173064360227 0
0.243007720937037 0.4840336306994689 0
0.2279436583662303 0.4745648876950972 0
0.2277186857650507 0.4936621926381153 0
0.2101222949531566 0.4852201713451788 0
0.1906378881823425 0.4694249624696721 0
0.3469686935103418 -0.3941398652102959 0
-0.7480518456658287 0.2741857385015634 0
-0.8189515772394378 -0.3453092121401388 0
-0.7521403398130322 -0.2916855708704107 0
1.543894628285358 -0.2309457708295787 0
1.33572745769719 -0.2401831164489633 0
1.284204941395979 -0.3995424067669628 0
1.420193603364329 -0.08112382639935381 0
0.5205752086046344 -0.5466104487091834 0
-0.08485549616340905 -0.7578944244559946 0
0.6062528630121854 -0.04232826046876635 0
0.5171422990678189 0.07135533889943123 0
0.5615525204434514 0.1554177328311929 0
-0.4066660710959589 -0.327023586008053 0
0.7695778042835455 -1.048181237578542 0
-0.1383857994506033 -0.5791218453412574 0
-0.1456546028169624 -0.6156399000371631 0
0.2600845852996409 -0.4523171307197429 0
-0.8755598960090571 1.716770048016723 0
-1.159449556700746 1.426024548311292 0
0.9168479390458213 1.665811343304955 0
-0.9893672275257931 -1.740972437402357 0
-0.7751446895512991 -1.377172012277611 0
-1.673265158372322 1.647142137971304 0
-0.07134432545084587 -0.5167874449808321 0
0.3480760513573503 -0.6610594394422087 0
-0.2888116099197504 -0.4693852928233833 0
-0.2730455029788414 -0.4594065394567668 0
-0.2522593666741094 -0.4395081657087783 0
-1.193006502286419 -1.012728530394036 0
-1.114961058474314 -1.207605371320476 0
0.2626923745953172 0.4949112737688144 0
0.1940915386024489 0.8596262820877091 0
0.3150611958378646 0.8887590662568418 0
0.49553280379636 -0.1460979901659668 0
0.322425727481614 -0.4417290252265024 0
0.2693639094794806 -0.4955301903679274 0
0.1977562399751291 -1.743561234476197 0
-0.09409688398757624 -1.720527268559745 0
1.106712925927541 1.37697644640893 0
0.8390060336294217 1.39577380398871 0
-1.567772488708834 -0.09583482598101038 0
0.5885724482311785 -0.5265939445926027 0
-0.6235346856541552 -0.3612367628667029 0
0.3279197975832753 0.4708816420432927 0
-0.5196044312118596 -0.06762155896765178 0
-0.5410298367264974 0.1509171690469939 0
0.5073841602572841 -0.1021991721104673 0
-0.3069986008563453 -0.4229109589346861 0
-0.3434238447566225 0.3952560417752435 0
-0.3608520085750989 0.3952467503726769 0
-0.3399668666058178 0.3772264163833426 0
0.3837865986314984 -0.3534541930274013 0
0.3933362465466901 -0.3453836581765412 0
0.02437838934530043 -0.5207542364103179 0
-1.477148523474979 0.1032813099844799 0
-0.4953994196020487 -0.3390470605916525 0
-1.500594741043665 -1.397292450587116 0
-1.816969273021722 -1.373956074013359 0
-0.2732984621112119 -0.444510934214881 0
1.374019527796827 0.7367427147043932 0
-0.5733148366949168 0.02419020894229833 0
-0.8306024927178119 0.279665445687352 0
0.5261064007085873 -0.1506014492342115 0
-2.298815824035287 0.968056452390696 0
-2.219901716934155 0.6887610000483388 0
-2.502990191163499 0.7277787828387579 0
0.4235014662322475 0.6806515253700399 0
-0.9725132629690698 0.1469434901659528 0
-1.411040838586404 -0.5011800878325888 0
-1.325032514044806 -0.6868559463198514 0
0.4870834365414154 -0.1711898589400751 0
0.6162799282879129 0.4005176520299237 0
0.5192940795344189 -0.06545724318544321 0
0.3293191448264213 -0.4028045392449485 0
-0.04538823610382282 -0.5142855365191062 0
-0.187446543381217 -0.6312107922542396 0
-0.1501451996491556 -0.6624088922570688 0
-0.09832126462612684 -0.5100596495474711 0
0.4695704122375186 0.2204514731489645 0
0.5338789665376685 -0.03782508063612687 0
0.5215867214940318 -0.02931058568517318 0
0.5224999851214589 0.1220538660313256 0
0.5080018954559756 0.1214927107180192 0
0.482219071095426 0.1951541476473015 0
-0.5165334256000802 0.1323618955598993 0
0.02363096886560509 1.328707902221469 0
0.07305834365393046 1.558234812437675 0
-0.1705535445915055 1.487437331551946 0
-0.1136454049872728 0.5493477683047331 0
-0.07795527305059384 0.5338248725749901 0
-0.5090682337123608 0.09771726576632686 0
0.8722776463297723 -0.8860410503532102 0
-0.5050299770293668 -0.0996715292073901 0
-1.069663039113974 0.9899439106501691 0
0.3054112818798047 -0.4206094975557467 0
0.5547725133474335 0.1109874363362643 0
-0.2854956473540224 0.4379707920735897 0
-0.2711885947448168 0.4476555543307998 0
-0.155782226274165 -0.4992025891211412 0
1.691669220958519 -1.677647574425151 0
-0.5228232716486892 -0.003414471696012277 0
-0.5246608560249637 0.01016702300200486 0
0.8590271938697351 -0.04182902318158278 0
0.2945089201045572 0.4271717592952611 0
0.2893895706394491 0.4766174612207142 0
1.665719675592851 1.659732800707606 0
-0.2613471013407523 -0.4511309444389214 0
-0.2583528197220656 -0.4661111766071708 0
0.4207033166493822 -0.301676239414531 0
0.4317033159174349 -0.2948514122049393 0
-0.03858859380261687 0.5529752562779771 0
-0.01058787237051505 0.5360077893665438 0
-0.4708679200353529 -0.2144859972198656 0
-1.679175908360708 -1.675807378617933 0
-2.072884505715701 -1.312442747248076 0
0.4409880139533409 0.3169482433724756 0
0.4238651963578191 0.3141348745297546 0
-1.384472936108795 -0.1653180360459204 0
0.5037673586674837 -0.135518693080462 0
-0.3226928238174347 -0.4098458681503783 0
0.7687498705118806 -0.2205407694612019 0
-1.250297943419758 -0.5414605177335738 0
0.4578852976387954 0.3197012072314836 0
0.4902847293504902 -0.2501324910744612 0
0.4750347519868243 -0.258610405988996 0
0.4610705062575069 -0.2507489850536388 0
0.4608014882226393 -0.2671410321932408 0
0.4617940822365503 -0.2349490292698437 0
-0.512146520278417 -0.08354502796824996 0
-0.4832873631161132 -0.6008039663881922 0
0.5175591974601159 0.03106214500791171 0
0.6355736655536199 0.5208471917616369 0
2.693783710675137 -0.7362476934173303 0
2.406992713676182 -0.9302983904433801 0
2.402685826711332 -1.267734255481938 0
0.02581947503130484 -0.7712944161622662 0
2.715368868984131 -0.006334109762565016 0
2.701506636723308 0.3398027768606231 0
2.36901254618756 0.1346695334214565 0
2.387073232648671 0.4884059805169219 0
0.4969568019043378 0.1466205251227315 0
-0.01497258491078395 -0.5463118056663547 0
-0.03532725635162164 -0.5464472208690858 0
0.4874475232045438 0.1764428576286892 0
0.48890643866429 0.1638964470433492 0
0.6958737447709422 -0.1451122096970669 0
1.875137474485272 1.386231348823119 0
0.428209531897352 0.2871035590839819 0
0.3625720032452679 0.4448397606506215 0
-0.04885690466134514 -0.5625322120416193 0
1.19968297400794 -0.1893321602712461 0
0.3339548548167628 0.4009652654467236 0
0.3194243259552871 0.4084362717737068 0
0.3092475877692966 0.4166709408670092 0
0.7722188424167646 -0.3549493147615966 0
0.3431093345058061 0.3889919454386789 0
0.3249275954621841 0.3953929964476535 0
-0.3402895854242943 -0.5602774825961401 0
-0.3855329433993342 -0.5743124525902079 0
-0.339574257252682 -0.6111037159310143 0
0.4568087171667153 0.4453668477084727 0
-0.7368171803604562 1.46799833071819 0
-0.4772696782780386 0.2084486738288185 0
0.4400114946602276 -0.3855858999385687 0
-0.3609835845691022 0.5513725269607059 0
0.4720525403214473 -0.2125216697901834 0
-2.704306445201135 -0.3333450553699529 0
-2.331722366719958 -0.7830293658690435 0
-2.522312422749549 -1.079811507727606 0
-0.08754380569815297 -0.5753047452594493 0
-0.3823579347666712 -0.384490604930637 0
-0.3734058765248393 -0.370121374174045 0
-0.3730227925035318 -0.3450617368112456 0
-0.3506170141662166 0.3824438619499349 0
0.4452386189131397 -0.299038587150831 0
0.4395035774113243 -0.2842553882671777 0
0.4576924554985062 -0.2852143953615788 0
0.9558466041010577 -1.055858209028181 0
-1.307032504932498 0.7365680617682919 0
2.685792335703166 -1.444446251096872 0
-0.5166720133754347 0.05773061224891581 0
0.4072723556835304 -0.3502371234205575 0
0.5123177847899653 0.08375165230557668 0
2.66698516384581 1.070101910910501 0
-2.418068335964811 1.651414066551815 0
-0.5176751888328297 -0.01648524481420533 0
-0.2480661750919011 -0.4559334357083885 0
-0.2437258464890963 -0.4703841038373785 0
-0.22607134037681 -0.4543602617839145 0
0.4600192368368207 -0.5677411932105342 0
-0.4254731710159876 0.3576400610573869 0
-0.4059631137041645 0.3498937206073568 0
-0.4032355098510696 0.3360965372650422 0
-0.3898627767355514 0.3438893996294246 0
-0.5611006078321326 -0.1301934506568442 0
-2.395342885968035 1.265947999389156 0
-0.8280939138239556 -0.1339105625464422 0
-0.3912008016019421 0.3594074345711398 0
-0.4367265882197461 -0.2745785433246396 0
-0.3699335289323771 -0.4363718091890655 0
-0.6517516417589226 -0.5469503359709018 0
-0.5777371937824496 -0.4939015836964589 0
-0.03280186742157377 -0.5186232405197568 0
-0.0244400471679594 -0.532140568417571 0
-0.02000144800631284 -0.517682268850817 0
1.35260493029217 0.5164562330596945 0
-0.4340204963560784 0.2749149811909763 0
2.099519539021574 -1.066777058217125 0
-0.3041616894499001 0.4236756461144177 0
-0.4618666367854244 -0.2322608416234995 0
-0.6318346184766029 -0.4233107562345111 0
-0.1968107843548216 0.6251245545809099 0
0.4505212130121841 -0.2595914145801624 0
2.199162776192195 1.361446332468514 0
0.2496837364928482 -0.4947631583551826 0
0.2790502346455798 -0.4358120005320507 0
-0.5108641648737186 0.04833585315300651 0
-0.5096840093097253 0.06580191801883965 0
-0.3367706222197103 -0.3947161630023616 0
-0.342677241773803 -0.3855431230745086 0
-1.293002894752117 0.530104106436898 0
0.4760305198635906 0.3354137613424132 0
0.04165630317521127 0.7846305102637855 0
0.1931831577063102 1.005583096006066 0
-0.4669991029646032 0.2995144772031132 0
-1.939414272075491 0.6248384244797641 0
-0.1663606219190853 -0.4882991150300303 0
-0.1784258657637131 -0.4905619797619164 0
-0.1903021196097729 -0.4694170061081847 0
-0.4719387711162291 0.2531250377766449 0
-0.4625664305973898 0.2425764355109972 0
-0.5174964190465204 0.03220016823040694 0
0.3655733555874583 -0.3651272531598049 0
-0.5131480423126813 -0.0277834228654131 0
-0.5375179748054084 0.01747270884781987 0
0.4593608099941633 0.2274873906070227 0
0.4735270585217505 0.2101880651811394 0
-2.129197573874056 -0.5787315581748459 0
-2.414726660581297 0.4890995668183461 0
-1.382901428390892 1.226366635607007 0
2.411287651708066 -1.665727362949196 0
2.406548071428579 -0.6039896537146547 0
-0.2348135318913936 -0.4592764378696882 0
-0.2281482724642824 -0.4720682775891297 0
-0.238299335021231 -0.4851409338315686 0
-0.2222946974131337 -0.486701954386906 0
-0.2134815423146951 -0.4749972040349529 0
-0.2070704469305896 -0.4883430778777624 0
-0.2005961724937144 -0.4750612349384115 0
-0.1918106398446228 -0.4878293986919397 0
0.3601998443566518 0.3723537694486126 0
-0.5532227723199408 0.009711624569089986 0
-0.7555174632369367 -0.1222096660487169 0
-0.7853430085507349 -0.1893250693643591 0
-0.7164022342755054 -0.1706997656800889 0
-2.695803140406101 1.435975325413467 0
0.5703759493763634 -0.01166227448956318 0
-1.336935905853103 -0.324026045105386 0
-0.2689875113089016 0.4629701894475045 0
-0.2565304016657329 0.4552008167144796 0
1.417801082548615 1.420535037237193 0
0.502803897927714 0.1100987019824732 0
0.4984364105038808 0.1268592027430054 0
-0.9832343755256058 0.797725315018158 0
-0.467803749837607 0.2151973053581816 0
-0.4703301542774849 0.2300865600912055 0
-2.715409535111572 0.04172549173480158 0
-1.134431955904689 1.192187163900307 0
-0.4759089573059527 1.444639387924585 0
-2.469235552434962 -1.699056729853558 0
2.435850427950896 1.644730872319071 0
0.2588798241761334 -0.4356243534932994 0
0.245654076649363 -0.4433421990267173 0
0.4174461802735856 0.3035592482254155 0
0.5603839261135691 -0.1248291860337122 0
0.2914096861133085 -0.4151725693060993 0
0.303325980733563 -0.4057899274884812 0
0.3881965643161002 -0.7212629739903096 0
0.5517539940793134 -0.225416057976647 0
-0.4265037220874069 -0.2909499091833125 0
0.3499443350378663 0.3780688984110424 0
-1.255319685755328 -1.372142663173208 0
-0.302758871151483 -0.6656305688617925 0
1.195519292269879 0.4547217848677497 0
-0.4557908762781691 -0.2474912870931372 0
-0.377816430533241 0.3514835640202127 0
0.3161623541493752 0.4876689736263007 0
-0.1686916617289612 -0.4781537878115377 0
0.1688832154548118 -0.4776652409609982 0
0.1752723272660203 -0.4837195628786529 0
0.1642387187184449 -0.4870655568998009 0
0.1874157214307196 -0.4798262647219742 0
0.174718570567621 -0.495286121322842 0
0.161806997225754 -0.4997231602796013 0
-0.1831905641502013 0.4722379254846604 0
-0.1824318455614922 0.4810223647132728 0
-0.1716106665819069 0.4844382377526014 0
-0.191549414547033 0.4761968919093242 0
-0.1934925149634066 0.4892729962544983 0
-0.2054280041372538 0.4772100587467933 0
0.1830419758610996 -0.4713280361148434 0
0.1833611473653383 0.4725435964855258 0
0.1830781178246348 0.4815239985871708 0
0.161612704614769 0.4800500381159641 0
0.1713815761283833 0.484783076883857 0
0.1823310521184758 0.4934619319305985 0
0.1678639895631003 0.4984215997089 0
0.1812928079972516 0.5096656217224007 0
0.1632017543781193 0.5149214474636509 0
0.1764901155115718 0.5322359118730835 0
0.1965179240711228 0.5012602477184964 0
0.1506499547899232 0.5008185447295602 0
0.1447611715500053 0.518417415263003 0
0.1326860015374482 0.5036922391200361 0
0.1265542273043778 0.521177576936677 0
0.1254165200668744 0.4924557089425029 0
0.1165594089654023 0.5086032242571902 0
0.1090739886584055 0.5233445124690891 0
0.1016569069928719 0.5083515580635014 0
0.09295313399089936 0.519759966685433 0
0.09692648370175563 0.5389739012991459 0
0.06730324204790231 0.5274512077000383 0
-0.1833132072297109 -0.4725726439408791 0
-0.6804222243139643 -0.3209491894511395 0
-0.6953790393034417 -0.2604178129140144 0
-0.5847298217558135 0.1287419992447447 0
0.2718257054999971 -0.4279164054022478 0
0.1100933759965593 -0.4946944393958125 0
0.1080548764589033 -0.5034770400733517 0
0.09663907802531886 -0.5047529345711596 0
0.1049014927053577 -0.5142712762928395 0
0.1179692089079744 -0.5099717485274381 0
0.09438881647539075 -0.5153580172551767 0
0.1136608113105414 -0.524857926819347 0
0.1285309230819307 -0.5210136733883932 0
0.1327339262363292 -0.5059452117207166 0
0.123059677053509 -0.5384569598683057 0
-0.1023253308412803 -0.4974055105582645 0
-0.1081963498532345 -0.503752560843124 0
-0.1188611735637206 -0.5006142256566706 0
0.4892827738911649 -0.1842518066166257 0
0.3711548927497713 -0.3453102076175781 0
0.2312972598297993 0.4497973350212742 0
-0.2442221655910698 0.4423516290392813 0
-0.231769511992395 0.4506121376375105 0
-0.2374256635947126 0.4580933018102116 0
-0.4149349911247939 0.2910813575643912 0
-0.4058228860514222 0.3033574487619463 0
-0.4469613002164829 -0.2573575190095126 0
0.05726162747336224 -0.5032776366909472 0
0.05430097883960498 -0.5116282888224002 0
0.04395211665171837 -0.5120831468533438 0
0.06558468025717465 -0.5095790579705253 0
0.06043986441310844 -0.5209199039942651 0
0.0710244782957878 -0.5187903533534364 0
0.04219953623431626 -0.5036091038214585 0
-0.3675503586434467 0.3790030971421546 0
2.053129103535954 0.5623067380671225 0
0.2253417476040228 -0.4540368854756498 0
0.2389257123837764 -0.4470259136350806 0
0.0342668077343701 -0.5158348745525525 0
0.3330157170282971 -0.3816653312079094 0
0.3213058892576867 -0.391507695916997 0
-0.5691948214674631 -0.2058331927098774 0
0.3095779801678564 -0.4013557873293713 0
0.3118432121122098 -0.411924672504361 0
-0.5070715650815631 -0.01160716411230034 0
-0.5054892866280416 -0.02685229586754844 0
0.1459372899319991 -0.5201145354740554 0
0.1470383279310874 -0.5017167919264682 0
-0.5053554089379555 -0.03440626423781062 0
-0.5135000129183485 -0.03810298755446571 0
0.2852016958425202 -0.4201868475793551 0
0.1613038990438151 -0.4789747959176858 0
-0.04948770711159463 -0.5047134055283629 0
-0.5048696548054314 0.04237606672150685 0
0.003811960517101874 -0.5068049885715927 0
-0.0002256770067953132 -0.5154142232066422 0
-0.01023945644478575 -0.5135144305489437 0
-0.507420649905484 0.02704498869061707 0
-0.515570347725018 0.02338340136872503 0
-0.4975231242201251 -0.09506849746079848 0
-0.5022574806557407 -0.08097065268175464 0
0.5056699530489347 0.03441462026982863 0
-0.5059665640077272 0.1278254704165509 0
0.5045454510528953 0.05007136570855811 0
0.5136921256112748 0.04804561335857699 0
0.5105413464937726 0.05962238697170577 0
0.502250762832645 0.05739207281326895 0
0.09488747570650886 -0.4963772635217005 0
0.4467143709333186 0.2387762631248387 0
0.4562080354065029 0.239311557959465 0
-0.1616127046147687 -0.4800500381159643 0
0.08001751961852918 -0.5005189051624892 0
-0.4855160805081729 0.2655962818651291 0
0.3916387590121897 0.3214101700445495 0
0.3965231673768865 0.3299813047491669 0
0.3877255785507495 0.3379135514676708 0
0.3982255564087586 0.3406076909304654 0
0.391053614633437 0.3496210614196025 0
0.4024400753455143 0.3206665736123884 0
0.4048014430068689 0.3532736572309274 0
-0.4706480297875236 -0.190722778026062 0
0.3809059358914604 0.3322758875702677 0
-0.4750938650676853 -0.1760947189517037 0
-0.366272756151455 0.3500416908028846 0
-0.3693703061366053 0.357639013283941 0
-0.3619114209049732 0.3658039758064086 0
0.5007514279527812 0.0874775336301282 0
0.5091513847243651 0.09435210578953679 0
-0.3773839424205989 0.3402547001226938 0
-0.4665547157998979 0.1974276862616689 0
-0.4766555667925332 0.197432907459573 0
-0.5136398345962381 0.004107279509804884 0
-0.4951695938503978 0.110253842005217 0
-0.5043390192699231 0.1085156585371474 0
-0.408629156498755 -0.4072642135069828 0
-0.4810756580867168 -0.1614319858956313 0
-0.4827978664844024 0.154458312188242 0
0.06461815370822362 -0.5012075997909615 0
-0.4778660100338987 0.1689553696053021 0
0.4986077826602821 -0.09546380200654428 0
0.5006289970629459 -0.08006811535862729 0
0.5091764763221415 -0.07800115975724599 0
0.4235900512142424 0.2786013224829694 0
0.02570224811307202 -0.5085985953084479 0
0.4355419380842991 0.258805575370239 0
0.4450354095515653 0.2601616138515687 0
0.4317813671603102 0.2655031738815316 0
0.4367662006195832 0.2731238926983898 0
-0.4594387513512245 0.2111815893163619 0
0.4423446670172649 0.2455395296420735 0
1.012137119615109 0.9222800023769464 0
0.01135840136770479 -0.5065776139745238 0
0.211532490689234 -0.4606554722993171 0
0.0866376582578452 -0.5086848246531313 0
-1.153161296046697 0.4593547462892611 0
-0.4872071468798239 0.1397999533205701 0
0.4275236432473735 -0.2718608576860253 0
0.4368635104089224 -0.2728957829071464 0
-0.4937600095183587 -0.1178724250526972 0
-0.4963979149217207 -0.1025353800424049 0
-0.4914561337584105 0.1239287386917054 0
-0.5066776278618988 0.01087935502302225 0
-0.4193062321331577 0.2847755111409281 0
-0.4147710219657761 -0.290946825607378 0
0.1974982369987942 -0.4668843897145334 0
-0.4055176615002157 -0.3020909873831025 0
-0.4138514393418197 -0.3058840014201769 0
-0.5044510440303409 -0.04968833936999731 0
-0.511763435807655 -0.05380061662963333 0
-0.4981884726108005 0.09451419421196755 0
-0.5006352999211994 0.08019945732464016 0
-0.5095581287966297 0.0770736638297522 0
-0.5190508420528781 0.07184604507592644 0
-1.13331265198957 0.6282227740906436 0
0.4859122857911692 0.1475326339719456 0
0.491037470651384 0.1539434233330133 0
-0.1171224024678429 -0.4917495697471899 0
-0.1324727777335166 -0.4894100122962992 0
-0.138414888023495 -0.4951157692534349 0
-0.04164945234701273 -0.5050562554864308 0
0.4072419603297533 -0.3170985653839351 0
0.4801611373804205 0.1616501079986871 0
1.145283445034967 -0.4748813393214094 0
0.4718237881284165 0.1909973973297244 0
0.4646700593981176 0.2039338072211229 0
-0.454029587330231 0.2253278752744934 0
-0.01090721886022282 -0.5054576389706588 0
0.4574669394373575 -0.2185201939089699 0
-0.4470779956658568 0.2389738788065215 0
0.2919227284427498 0.4160527260295329 0
-0.02759669705996405 -0.5075028886994501 0
0.2785357785306643 0.4222641087667674 0
-0.4873107050218484 -0.1402674391376678 0
-0.496848726680431 -0.1386423225083165 0
-0.4928592888534497 -0.1480887359066073 0
-0.4916276404541881 -0.1252260739392329 0
0.5205552332446878 -0.01494130825583202 0
0.3663987482798168 0.3507038134294552 0
0.374800342273598 0.3534024507542759 0
0.3673993048995467 0.3606548427569246 0
0.3506867189990137 0.368959624410417 0
0.3766777077714585 0.3388197155837264 0
-0.4392982209541145 -0.2521591731478059 0
0.4066114511673865 0.3033707382930116 0
0.4098892886271245 0.3114109033919312 0
0.3955269206827811 0.3148140319150899 0
-0.1969964659332427 -0.465794838412117 0
-0.6797609977003116 0.2649870490549281 0
0.4190213523914517 0.2845838899684364 0
0.5016879035288522 0.07232819244933619 0
0.2660796095437503 -0.4401447839865615 0
-0.2588781177463703 -0.4356302032746538 0
-0.2898850816433822 0.4148933731287261 0
-0.2929077356882012 0.424899225359517 0
-0.3085714540063333 0.4127916848535712 0
-0.245647532146232 -0.443419707924681 0
-0.2772804024210722 0.4243503793998771 0
0.4905369005880039 0.1248121914659919 0
-0.4605680745123002 -0.2118270693859339 0
0.3819079443555865 -0.333233899174505 0
-0.396706973830482 0.3156351089842702 0
-0.4053000482070157 0.3173752612917837 0
-0.3503214859692406 -0.3671086487456974 0
-0.3599573415074973 -0.370102488039148 0
-0.365933270993813 -0.3613416314183604 0
-0.3782425902510315 -0.3556793049810618 0
-0.3903281318949767 -0.3651019549456023 0
-0.3387422583673224 -0.3765915988818136 0
-0.3510475049052381 -0.3785341677625126 0
0.4883005674053896 0.1395535495411218 0
-0.6388976331990609 0.4692524579969251 0
-0.5748161293057875 0.4389969970150445 0
0.01567517977417694 -0.5144426237184015 0
0.5056246259235694 -0.03447454461568564 0
0.5132101134469295 -0.03883719274677161 0
0.5132238897317609 -0.04763877882778352 0
0.5058167564642548 -0.02677041262491774 0
0.5042012835234145 -0.04966542293277572 0
-0.4870048019904386 -0.1682873944183743 0
-0.3827223677854446 0.3339799181917003 0
-0.06489757072375649 -0.5026900758557692 0
-0.0626147922163257 -0.5107680948740835 0
-0.3668442617320075 -0.3514172747899383 0
-0.3826969528250123 -0.3433731193011258 0
0.1176041077579433 -0.4930891947295712 0
0.1324441720635221 -0.4893213877383882 0
-0.376257754723427 -0.3383226408770519 0
-0.3914150436701658 -0.3371842915128749 0
-0.4395537953090532 0.2523224789227932 0
-0.3907986420850187 0.3225243839521728 0
-0.003383959279885016 -0.5615737451128145 0
0.4103293959989123 0.2971779094602472 0
-0.1467526354339922 -0.4848010057466624 0
-1.013454009358199 -1.456440030630636 0
-0.2517385861324569 0.4396032573468313 0
-0.2057515702626619 -0.4645872864794816 0
-0.5900325864501745 0.0985143807376319 0
0.2251756656008174 0.4537212763168798 0
0.5228125860591366 0.04162301329931779 0
0.4351544162503268 -0.2590008570292038 0
0.4492127693582879 -0.2489070385969118 0
0.4482006444605747 -0.2722095919548631 0
-0.3548923551467861 0.3599702007212547 0
0.4807259183255266 -0.1623322554321417 0
0.4771081067443966 -0.1685778840064096 0
0.4853529855345678 -0.1472034994634135 0
0.4877236525816753 -0.1399210876682078 0
-0.09495708585698412 -0.4981247894591455 0
-0.08005486671802833 -0.500519230586159 0
-0.08513764553131689 -0.5076781451264758 0
-0.2228911007191113 0.4779008098167501 0
0.3331880819961147 0.3820186338120825 0
0.2113699650456188 0.4603158575216996 0
0.2134595862056268 0.4700087034481477 0
0.200566729371527 0.4740025720182803 0
0.1936821706390806 0.485481708924858 0
0.2718608576860254 0.4275236432473737 0
0.4507297753423103 1.481695625884016 0
0.2591770836138989 0.4354328251448395 0
0.2609391419149175 0.4440751601460732 0
0.3041905970586488 0.4063748604522658 0
-0.472356020380734 0.1832408654303052 0
0.2456469909622226 0.4433369683515421 0
0.2454141511449442 0.453411610741875 0
0.1471468126061827 -0.4850602388712792 0
0.1533162286163956 -0.4914006712993945 0
0.5087705427813236 -0.0125657813636529 0
-0.4281937928016574 0.285735370698364 0
0.3503697624539336 -0.3665666075045313 0
-0.4680068884530305 -0.198031597061774 0
0.362024294230771 -0.3558883687280905 0
0.4193840450335494 -0.284958341344642 0
0.4697281072416155 -0.1904454973106192 0
0.4645384250285206 -0.2048354828220821 0
-0.2597020562920974 0.4446278077014842 0
0.5848964980376388 -0.4534753635959101 0
0.5718256577700287 -0.4018328950747177 0
-2.192798687660267 -1.038259708644942 0
-0.2544008264056002 -0.4823099738464646 0
0.1970484073115435 0.4655635558289306 0
0.4511656213028873 -0.2334128164735752 0
0.5398568939778313 -0.1380069633495847 0
0.3446903475394117 -0.3721283105766072 0
0.3530739649284328 -0.3751360470341386 0
0.5075058109073642 0.003288203288500053 0
0.514804707623495 0.007908880902622675 0
0.5061632033517753 0.01912781432050063 0
0.4911522913631561 -0.1250043642448206 0
0.4931399784397328 -0.1175185843720009 0
-0.5106074787500881 0.5347220767686727 0
0.3920107138650482 -0.3216353265187109 0
0.3959050267938229 -0.3289964354411111 0
0.4010751148688986 -0.3093642947158589 0
-0.4839034005065485 -0.146597029681876 0
0.3177721416954699 -0.4255679960848208 0
-0.5025829659207777 -0.06541054260373615 0
0.2184099595451127 -0.4660401420639927 0
-0.1894804858696822 0.4686481620896625 0
-0.2048172898708163 0.4651277716724816 0
-0.4592559111021629 0.2322614105549894 0
-0.4320033345822654 -0.2658792191083917 0
-0.4402215163571689 -0.2659618307674868 0
-0.4274263190337536 -0.2717989713750195 0
-0.265426502556545 0.431900601697807 0
-0.30319057557684 0.4057545311348119 0
-0.319877100466457 0.4070674410991689 0
-0.3186418063358525 0.3977294922416663 0
0.4726268866084893 -0.1833500485964368 0
-0.2315484391297268 -0.4502398548275754 0
0.154802206655711 0.4813159369784429 0
0.1684723172805966 0.4765128587709724 0
0.2815467456731179 -0.4769940217770101 0
-0.2855308065366284 -0.4202744495039132 0
-0.2793796313286323 -0.4248279251092089 0
-0.2971959352512745 -0.4103899190989023 0
-0.3035992839194475 -0.4061038479760568 0
-0.1543798239762305 0.4825469611648229 0
-0.1607653034830422 0.489319622664143 0
-0.1492682999123852 0.4924975497144962 0
-0.1588364874766058 0.5011419917006532 0
-0.1460154676957271 0.507797780457098 0
-0.1252175498397257 0.492350980391038 0
-0.1309074142275319 0.517946401118662 0
-0.1678700100129184 0.5170888625108905 0
-0.1685181360618475 0.4764438907160245 0
0.4960309347720302 -0.1025723317229367 0
0.410572893892159 -0.2986943514082103 0
-0.2184255860119013 -0.457204949883116 0
-0.7109770498434473 0.1560557527219999 0
-0.3461005612529165 0.3720520711991776 0
-0.03882844786552014 0.7331450975304933 0
-0.3255600848226563 0.5356786339280544 0
-0.2913860791878645 0.5569443106896272 0
-0.2756603726572016 0.5975672220941701 0
-0.444429855069513 0.2597298671923267 0
-0.1033935399205336 -0.6426293612614589 0
-0.3966476411124529 -0.3156117892822803 0
-0.1314852799366971 0.5035358774976144 0
-0.1180032553201189 0.5110411907460906 0
-0.09506849746079855 0.4975231242201251 0
-0.1154488284041726 0.5275884196806286 0
-0.1026204538420612 0.5162554796836565 0
-0.133506884490438 0.5379964774335141 0
-0.4315115411641854 0.2658464600042812 0
-0.3607312946637107 -0.3554128601870786 0
-0.1025243821001923 0.4963993924645128 0
-0.2182954180590809 0.457370771600111 0
-0.2267965358422596 0.4618052062698057 0
-0.2476918122316579 0.4667032794404228 0
-1.221647442216725 -0.2216502446258462 0
0.4960309347042058 0.1025723322577624 0
0.4943279298261214 0.1099265413959667 0
-0.1172193354784956 0.4930598642416085 0
-0.1326840995958442 0.4907701026774045 0
0.3609439020512048 0.3555336731292011 0
-0.1468167995744733 0.4840370394706197 0
-0.4551549485008444 -0.2249443641538276 0
-0.4476903918812356 -0.2392413869009428 0
0.5027089040207979 -0.06409189374950475 0
-0.5513999424260325 0.1287087493376762 0
0.1740629906690537 -0.5125293531225918 0
-0.3252969734320198 -0.3983650681926164 0
0.0953268463714448 0.4984909911322469 0
0.07954693124298634 0.501002432166941 0
0.08461952573550205 0.5089432311193165 0
0.07297394077797401 0.5102073121458413 0
0.4763751219993314 0.1770075739931828 0
-0.2499308721431373 -0.5008223787419728 0
0.4736561519996632 -0.2923761001228142 0
-0.8120675647797245 -0.2583320094461269 0
-0.4520997055011285 0.2462029436579896 0
0.1175069673162512 0.4927063632379536 0
0.1327656780605465 0.4906589023572688 0
0.3368615452638559 -0.389616297982752 0
-0.4193532181852695 -0.2844016197057098 0
-0.2654707575178116 -0.4317037694071789 0
-0.4682085598857454 -0.344938373718538 0
-0.4818804793428227 -0.3150209075379895 0
0.05017564631363904 0.5049008186834743 0
0.0465474454870777 0.5138389181885008 0
0.05818084970618315 0.5121621048427408 0
0.03591773041942192 0.5123726054029142 0
0.02399702906051816 0.5173729194324143 0
0.03962206067694428 0.5255043844818738 0
0.00994268589630133 0.5339288531823884 0
0.04939881085796466 0.5444084577269726 0
-0.003609155685587451 0.5244242672912258 0
-0.01663619361364919 0.5215122440941163 0
-0.01109175668848007 0.5061745768263811 0
-0.02988313687051619 0.5153095154821813 0
-0.02874779301210555 0.5342929526749676 0
-0.04185764244194827 0.5240542356407093 0
-0.05671347740049701 0.5044498731704974 0
-0.02677041275780622 0.5058167564897225 0
-0.08738608029560825 0.4986423261768554 0
0.2218401142555951 0.4623485781706798 0
0.1233138887802301 -0.4997634786872589 0
0.4574441502818528 0.218781861837952 0
0.1476567049842898 0.4872711582592431 0
0.2728732619608972 0.4365943944596914 0
-0.05013237525811149 0.5133098648957651 0
-0.06338154681744507 0.5137158133866817 0
0.2539515218691072 -0.4647248443425865 0
-0.4783287813625343 -0.1897218667598432 0
0.6101259122321129 0.06700727185587493 0
0.1029295978833354 0.497303902003592 0
0.4094257128818503 0.3339084002880468 0
-0.03424744208243671 0.50620518041903 0
0.5065034813927304 -0.09257214283627771 0
-0.354475411742897 0.4494017273197269 0
-0.387342257356843 -0.3280828982813427 0
-0.3159122163223604 -0.3963428454564162 0
-0.3205473084880578 -0.391290179477633 0
-0.5750271347474772 -0.1526074710585047 0
-0.17072695989915 0.4969796820675908 0
1.206583768087826 0.6145311380975493 0
0.05726950461638279 0.5029250094381446 0
-0.3123061549337805 -0.4119035488660904 0
-1.911711562697757 1.396103107391924 0
2.061694937634028 -0.6107908820155052 0
-0.333374936574531 0.381946547053512 0
-0.08001739620657906 0.5002818074605898 0
-0.07603933790019282 0.5104191956866385 0
-1.780812885946551 0.479363300498814 0
-0.3337956966352752 -0.3831802608937419 0
-0.9831206974768929 -1.054756831195515 0
-0.8998653355546182 -1.217496459807154 0
-0.6505745274928539 -1.200094659407361 0
-0.5458556404997973 -1.439228236651986 0
-0.4229797117313868 -1.243342796317199 0
-0.3279607583334365 -1.38048515077228 0
-0.2171896608675056 -1.204928337782223 0
-0.1207310263057104 -1.424639223649516 0
-0.008890361310524484 -1.207579841172425 0
-0.802891786603408 -1.05910569930431 0
-2.063203769546049 0.1900334834124396 0
0.8586722354327596 -0.7297829176583079 0
1.894388524701779 0.378283019177431 0
0.58239341487726 1.306445402572323 0
0.03458833233301652 0.5044941985357768 0
0.1382398589145259 -0.4958730721938351 0
0.3905949765558506 0.4448920970338151 0
0.07209151458990964 0.5007936379679881 0
-0.2169842296799172 -0.5049345383535928 0
0.8250307692586519 -0.6215064309607843 0
0.2323465197421731 -0.4591549613935678 0
0.6199947263589741 -0.3184334363667974 0
-0.5009670959337882 -0.1148270513571439 0
-0.04955463653997241 0.5038857525472531 0
0.4627492334442642 -0.2252780729279145 0
0.3773197049274785 -0.4362374740246828 0
-1.135621405197043 -0.6362496880427183 0
0.5047540548709655 -0.240729160788417 0
2.123657748127964 -0.002090163870502832 0
0.2238657558605618 -0.663695730904131 0
0.1771583175052581 -0.6969495471578623 0
0.241609769076206 -0.6182095172616594 0
0.1869665330997803 -0.7576167320787613 0
0.7023460514040509 -0.9095660036517255 0
-0.41898405644858 0.2986481789160944 0
-0.0634312641412158 -0.5801366701059375 0
-0.1105736175733631 -0.5967459279291877 0
0.2042432196355241 -0.4724431479477187 0
0.8891145605811451 1.19237198044734 0
-1.885524198862751 -1.104096601065251 0
0.5829137059624098 -0.3293404824185912 0
0.6014321086608994 -0.361422762008181 0
-0.7935418503629358 1.264159226391295 0
-0.7382608542616167 -0.928555459028213 0
-0.7060111941416881 0.08700470639138232 0
0.3562024014528845 -0.3862590535758977 0
-0.06620759837118695 0.5034662917111639 0
0.003828838823568562 0.5065136728524153 0
0.008045460588499836 0.5155862588934409 0
0.0180179069700496 0.5074607592128012 0
-0.6191232475919963 0.3390862393017858 0
0.8719562179319325 -0.1171947548593111 0
1.021457412958302 -0.4276562616328556 0
0.3890084151652662 0.3648448234956048 0
0.5198365943869222 -0.07557715197174203 0
0.5405256053096371 0.1251648550404438 0
-0.6437219384353162 -1.028665346138678 0
-0.2099833955224097 0.6852423495210698 0
-0.4935662678448232 0.1456657343131725 0
0.6458044741963179 -0.1970581442006922 0
0.0904668594059982 -0.5560430203497007 0
0.08683875064458847 -0.5373076236866137 0
-0.108171386560425 -0.6983221438532404 0
-0.3340453442382286 1.683390905405691 0
-0.3011025517674926 1.310861575689542 0
0.8388913534295083 0.03097214219784331 0
0.8082012202164058 0.09517295394417817 0
0.8898166494059804 0.1034545081584752 0
0.7732576818733428 0.1570419148085221 0
0.7320212236755934 0.08924129998804568 0
0.7288503251407921 0.2033659122034899 0
1.330382818384912 0.05998345978934995 0
1.332965767493799 -0.5264574117515148 0
0.5714356195289116 -0.03499948980682991 0
-1.317310495328464 0.1068879340655881 0
-0.7321399733236738 -0.04134101005040584 0
0.7080817754526323 0.02151256039844754 0
1.79643544207222 -1.031154412461346 0
0.1192285451305916 0.5399835238735647 0
-0.513504333969104 -0.2829833594638924 0
0.2608827291820658 -1.15089635171493 0
0.237426576229573 1.706958580318388 0
0.1574157130839157 0.5341629392391981 0
0.162073853288369 0.5636790656126155 0
0.5640678084558176 -0.5847271272123566 0
0.5257767374650923 -0.3944113996554904 0
0.513843944816093 0.02272471774721015 0
0.5166925879218803 -0.3621949199852112 0
-0.8053992262939119 0.8209547224959229 0
-0.5928968666637028 -0.3294188044367116 0
-0.2790792465119001 -0.4355310455128086 0
-0.1973078116488486 -0.682987765139031 0
1.207396295067951 -1.21917412007664 0
-0.5567640271631344 -0.09310589798731705 0
-0.67300632227422 -0.1093317093558392 0
0.5162508726397038 -0.002183035747319072 0
-0.4461068636735401 0.95469317665472 0
2.114744077477955 -1.388107679979142 0
-0.5948375860296776 0.01043150108879933 0
0.457887124064621 -0.4666616100286713 0
-0.3718368137359949 0.4097457782748326 0
-0.8671205010476468 0.0494591142132183 0
0.5696880909159769 0.09457864390440074 0
-0.4053364026678529 -0.3175627599348882 0
-1.042801232068746 -0.892756512913685 0
-0.5864495035873256 -0.06654059305691623 0
-0.182339195311748 -0.4811164783734178 0
0.7285124426336776 0.8731478968987526 0
0.06841029489933394 -1.36097377010084 0
0.6478942409341398 0.4542647715966462 0
1.520366983631334 -1.476751841336128 0
-0.2744215302782107 0.4336069186021019 0
0.2472919773876883 -0.4531535344567945 0
0.5262080301504435 0.1989944028655413 0
-0.4265240021409713 0.2711129818257194 0
-0.5618551511792228 -0.02551163903261745 0
0.1078774637581299 0.7236822678415991 0
0.4175366922708545 -0.3851743200973631 0
0.5195369807710895 0.2609903552196829 0
0.5427966899591872 0.2497071029042116 0
0.1594589943505277 0.4889230304871231 0
-0.900132413950541 0.1100721280873135 0
-2.479186500147785 0.2119945400447591 0
-0.2255026504715462 -0.4628432131964231 0
0.02075942378027576 -0.6545271449526121 0
0.08836365686253347 -0.6853689705745875 0
0.01806433591766619 -1.059338655114064 0
-0.505371994005359 0.003787370507614728 0
-0.4836228316713069 -0.4926436018677419 0
-0.4941980152727519 -0.5406872641650542 0
-0.4356541620438996 -0.5702236767839532 0
-0.410976304163806 -0.6264505997050489 0
0.3514716520967516 0.7577665861519549 0
0.6120634767419095 0.3471397865098922 0
-1.43336097509142 1.459836546063525 0
-0.9001899218528072 -0.1333361116582191 0
-0.4889217007403263 0.1604996464535413 0
0.4785525153813309 -0.1895936341841641 0
0.5897768404267473 0.0547871231825197 0
0.6007457196981226 0.09614464693811479 0
-0.2172939139775752 -1.038112831880402 0
-0.4017589845315277 -0.986279389302447 0
0.6785519111700138 0.1845911804916438 0
0.3202315262876136 -0.5712768397580441 0
0.3494281857469834 -0.599052020397302 0
0.4003507364323308 -0.5775483992929064 0
-0.1394356978725011 0.4963868604430371 0
-0.5019290076835676 0.06472507298328881 0
-0.6799280054018656 -0.2025337665339559 0
0.4882032322819162 -0.1602373858956557 0
0.2972665033436616 -0.6115487828222225 0
-0.5477992559552214 0.3542335433744651 0
-0.1832996247074723 -0.501748720907913 0
-0.3767671564909311 0.3651570413756097 0
-2.190611097184542 0.3745954487055158 0
0.07787206556493015 -0.7468983455326819 0
0.1315146876027338 -0.7245266179770264 0
-0.4734223660963901 0.4866260180359342 0
0.5234438992950873 0.2180853582873457 0
-0.5797985623334625 -0.09002692885691678 0
-0.5549574004536303 -0.1766802761585213 0
-0.5488884699635477 -0.2238320641475698 0
-0.5217366037050153 -0.05803718642733112 0
-0.5456909216416912 -0.4351597040769701 0
-0.2114612429761999 0.4698400031604553 0
0.9657618623469311 0.7723650141688939 0
-0.09009312653160684 0.5072280711554676 0
0.6521104526831727 0.2671659026020555 0
0.6917154838549495 0.3027355508592305 0
-0.7195876370622227 0.2183365944169665 0
-0.5259432230222545 -0.2193902812966471 0
-0.5992140248409754 0.2962300881758697 0
-0.5715664444476676 -0.1110630020625776 0
-0.5159518738213664 0.4246584792336106 0
0.2814975536033792 0.4287706479008971 0
0.03548795892661515 -0.5295047653570248 0
-0.5251157163871565 0.4775716283303156 0
0.5170342785300542 -0.1378847790441791 0
-0.5073191466364866 -0.2466494132988626 0
-0.395424786277275 -0.3293870273098826 0
-0.5014584836372243 -0.1568232668346445 0
0.3869994495326399 -0.5359431041123209 0
-0.2924789302696807 -0.4237259294740568 0
0.1599365742280062 -0.6330492434534422 0
0.01011742641508418 0.6465946720822607 0
-0.5131511966267265 -0.2311390098638179 0
-0.4641247265226175 -0.3048890854454842 0
-1.163196612355245 0.841175245631728 0
0.2999421201108897 0.4193401951246947 0
0.3722766330066257 -0.3562973085182926 0
-0.4827825992203251 -0.2770390261858531 0
-0.9150124606585961 0.2498421921222284 0
0.2616632060400453 -0.478691938160043 0
0.3687861252860817 -0.4581318726155368 0
-0.3290089629313341 0.3968953593930232 0
-0.06996258173914907 0.6634676029744575 0
-0.3785561605010254 0.3934832508238278 0
-0.4905410365908633 -0.159556534822424 0
-0.639870959955208 0.2326897556098954 0
0.1053179150467199 -0.5398207094628781 0
0.455299359219847 0.260276210154134 0
0.3159631347647737 0.3963446000560109 0
0.4808546694054973 0.1854709750278586 0
-0.227306364124683 0.5906918536861034 0
0.4428153985405141 -0.2453624961427391 0
0.9768046323940913 0.1060503319338077 0
0.05458384802274974 1.11611171777128 0
0.5344011274564988 0.183747300942707 0
0.5606954368678412 0.1791568201936902 0
-0.5808985424296685 0.3736420889130168 0
1.852301828260552 -1.460711019192713 0
-0.2680924116449043 0.5352822356378447 0
0.1377670476052211 -0.5520011899610917 0
-0.5688982418327974 -0.05606511989513142 0
-0.06050320666838255 0.5464446232937036 0
-0.05856993800945271 0.5301737060036166 0
0.7131104506031424 0.2554952969827348 0
0.7339483671559908 0.3476111176353436 0
-0.5521494097456694 0.1760423669618627 0
0.3736738563952091 0.4278580948185918 0
-0.1487330983275207 -0.7308895579405398 0
0.5609297313858042 0.1336114020264815 0
-0.5354638279673686 0.2062727977948293 0
0.471412059657465 0.3081334787682357 0
-0.4737306288555012 -0.2059520182670299 0
0.2528135376064343 -0.4462591230061128 0
0.2852288792323951 -0.4291076131245268 0
0.6729370215192871 -0.4042339850011392 0
0.4277267041632785 0.330916609765136 0
0.6739204562645764 1.514964501781569 0
0.3441917236684822 -0.3820983554450647 0
0.4497655461347679 0.2495607109519985 0
0.3440410189266989 0.3714608924609835 0
2.180945444753272 0.3746753276760565 0
0.2128910465469218 0.5027903942224546 0
0.2264380661549175 0.5168770916746155 0
0.5432660218636491 0.2292788163812771 0
0.422167687971257 -0.3536568623245055 0
-0.5032085178310037 0.04913254503490111 0
2.179306213947283 -0.8082223908787451 0
-0.2726410450693674 -0.4772784415241107 0
0.1844882835499617 -0.4905107599192737 0
1.11020766210023 -0.2498760018703672 0
1.020586478226252 -1.228103913060192 0
-0.3026582514190974 -0.4812019607967393 0
-0.3363143841821229 -1.616072401663796 0
-0.5064071962252277 -0.09068658392719942 0
-0.110421310268126 0.5020320783794449 0
-2.780767985581518 0.7272727272762618 0
0.0981929258844165 -0.5260618161230017 0
0.3849496229375417 -0.3411936976689159 0
0.4016568645133556 -0.3382780141487888 0
0.4748175486122426 -0.2751443044087836 0
0.4721374880315112 -0.2038500757538554 0
0.1399467921781445 0.5394318261735719 0
0.4146693954751173 0.3222074723174514 0
0.4945203142396573 -0.1368556720043428 0
-0.505350412994708 -0.1343917505823114 0
0.4526158825883661 0.2244647245957924 0
0.4995528629383121 -0.1231347199406904 0
-0.03963119300637956 0.5127313515942391 0
0.3191153028218889 -0.4040621834366208 0
0.543846913393634 -0.2489115670212426 0
-0.3214104383640264 0.3909658190640446 0
-0.1995198827162256 0.5034180774357178 0
-1.143471036335246 -0.4762081922198312 0
-0.4019298132821981 -0.3386133581290974 0
0.3453783140921702 0.4602287817917279 0
-0.3919151985790291 0.3310755346779306 0
0.1228291921752414 0.5000387917531427 0
-0.4118213104166607 0.3248097327060657 0
-0.4954155718623834 -1.090505139231623 0
0.5521659699472805 -0.04187353971557411 0
0.4334829019002111 -0.7802204180292642 0
1.157735682014773 0.7741622061440895 0
0.3380173701587719 -0.4485789488635374 0
-0.3772033340632868 0.4433070447596755 0
-0.1563686800779446 -0.5611019723072979 0
0.4277798346256467 -0.2856934265656554 0
0.2745880845328463 0.4839183591114475 0
0.2648276462024766 0.5174897454358699 0
0.1405009731967566 0.4937420909328643 0
-0.3084491022882965 -0.5763788062372623 0
-0.1295560994332101 0.7729033745269183 0
-0.4836170933698674 0.175232386789926 0
0.2580167446422539 -0.4427452194313914 0
-0.9461908786003428 -0.07250343750203464 0
-1.218526210714206 -0.8293457814584492 0
-0.5139841953932679 0.1071161590756609 0
-0.4995295033833347 0.1194658264003776 0
0.07658667392445685 -0.5106282230135341 0
-0.5155547903826859 0.01490102640428477 0
2.450376466258842 0.8204869752887591 0
-0.5056881780599313 0.08691569023205666 0
-0.2113365384462349 -0.6021273326478775 0
0.05293586631576096 0.5235089196880659 0
-0.4636486084097619 -0.2218667230333868 0
0.4410749960262396 -0.2642584408713493 0
2.47197313519428 1.307379486664141 0
-0.4205485836391768 -0.2979970850713187 0
0.3709010556529978 0.6198916835585246 0
-0.5181044546108395 -0.2637326641062564 0
-0.6268094633716657 0.01551956033962232 0
0.1959921991308089 -0.4741323556643492 0
0.4805621704441677 0.2162890395376517 0
-0.1894732260988611 -0.4774124514523286 0
-0.8687291712700003 0.7053058890574513 0
0.1828597002715859 0.6004094661178881 0
-0.4072254528147735 0.5699745988629887 0
-0.4359962754139493 0.6260222136776599 0
1.906719549997227 -1.237999692771163 0
-0.09791148031774843 0.5333592803576598 0
0.4653064588320548 -0.2181440396255013 0
0.453977725335885 -0.2414452768843575 0
-2.729416958502834 1.730762836282993 0
-0.2527918944383676 -0.4476017994411381 0
0.6989302156926313 -0.09958522578016824 0
-0.4561505163417345 -0.2390863191589143 0
2.726065456387308 -1.729046195081873 0
2.417209912897478 -0.3354471689894346 0
-0.5138508619531421 -0.006915125579995281 0
1.502348407533229 0.05013154181486543 0
0.7716458808621948 -0.6937672975523064 0
-0.5309757596237684 0.1363374266886667 0
-0.3890608853706988 -0.4033405579485114 0
0.4478204146274115 -0.314554235602862 0
0.5042228678923324 0.1018340320031265 0
0.9401262459497742 -1.42642665383607 0
1.139508757038243 -1.049063064970939 0
1.333330318140336 -0.6922882567945883 0
-0.4483461141470033 1.217000129897412 0
0.5129567407324663 0.03944096226545098 0
0.3809950224981189 0.3466990545298534 0
-0.362054068442772 -0.6649117251689424 0
0.1031645094799637 0.566310680014077 0
-0.130827181496408 -0.498919332580434 0
-0.1417145855187589 -0.5066741475551355 0
-0.7372584078580968 -0.2265313954216173 0
0.2457722223467473 0.5069865184797729 0
-2.175769966902679 1.437398566627163 0
0.3577475021098669 -0.3687194720080889 0
0.792023995965895 0.2340391792947146 0
0.3998925046169812 -0.3222040860900906 0
-0.7133230735993171 -0.6289332300073009 0
-0.5110596671455035 -0.04605996777070551 0
0.4803329776169893 -0.1820555195363159 0
-0.6743702302202994 -0.3891129544921123 0
-0.4603748752152571 0.5754112044836248 0
0.4113275656474912 -0.3083497092799846 0
1.643461720267206 1.435662357470315 0
0.2384401536074279 -0.4545449025785295 0
0.5285272023917837 0.13569021464806 0
0.7544405799701855 -0.2792475628337025 0
-0.4899719003163399 0.1529165543044649 0
0.5080683847038728 0.07632241857068411 0
-0.1204693461686327 0.5004039982511593 0
-0.5101231955599131 -0.07302399029141432 0
0.2335063361099416 0.4582107665594492 0
-0.4939029821539118 0.1377361888289874 0
-0.5550862228187106 0.2012512801593028 0
0.4229477078943367 -0.2918379215887001 0
-0.4615751357172973 0.2247454692594368 0
-0.1747339959399768 -0.4825862703474557 0
0.1894769054955662 0.4774213319494233 0
-0.05434734341887308 -0.5107408447991987 0
-0.2985714418774081 -0.4272793051068622 0
-2.73968720870739 -1.739353418691464 0
2.738670661584631 1.738507605942607 0
0.5117931076427736 -0.03052945194114065 0
-0.3999629471615459 0.3245860931462108 0
0.1419700758565286 -1.236487663308126 0
-0.5115621129571144 -0.06252825781353132 0
-1.043223042428772 0.5256039030561205 0
0.5080091544884661 0.0687700255779254 0
-0.4885228990387609 -0.1896139514779361 0
-0.147297744594778 -0.4939545620496533 0
-0.4124602735199598 0.3044457130524376 0
0.1154070915803221 -0.5001991802826865 0
0.08335403175607031 -0.5221450266472074 0
0.2984572509328077 -0.416836349734414 0
-0.4812150238763959 -0.1819223004682687 0
-0.03183778899775692 -0.7900978217050627 0
-0.2171466312513773 -0.46510759925353 0
0.5865723637288012 -0.05883789016772246 0
-0.501582524191892 -0.1078709003071569 0
-0.06961000285782501 -0.5084206192580795 0
-0.02003546402115941 0.6746939343426002 0
0.6637127077180254 -0.1321235070625989 0
0.5066416893496507 -0.08572114788408608 0
-0.356167734047031 0.3731783540331632 0
-0.5123434649615795 0.03999387020629561 0
-0.4767737213456664 0.1881814408776145 0
0.3786881603322065 -0.3462616904031923 0
0.4393459065775249 0.2654769979070523 0
0.580318847956085 0.1472138862590575 0
-0.4847918315214388 0.1678511009775964 0
-0.4222033919466949 0.2918576552754611 0
-1.271913412999143 -0.4322958016263158 0
1.258753392376141 -0.8671494217105755 0
-0.1464597359493819 1.288595076419718 0
0.3892350017937303 -0.6272020596417622 0
0.4314745199650221 0.2793287673032945 0
-0.1808553923915852 0.4911897856092415 0
0.007963767377696496 -0.5134328374849969 0
-0.3476832386519485 -0.7110402625853988 0
0.04521258538080945 -0.5207869562329683 0
0.5122269435891663 -0.02232851596909027 0
0.1089359529154372 0.5021813685898242 0
0.4900635758612541 -0.1533574768074829 0
0.09358338847398309 -1.537892411382181 0
-2.362791101006192 -1.377288630235269 0
0.5248432572864967 0.007218602222834226 0
-0.4971584544636848 -0.1310515622223741 0
0.1451061487268902 -0.49224700987582 0
0.290289592169179 0.7075062324075406 0
-0.2501363041427305 -0.6903225056764755 0
1.096883309052958 0.5338058925319821 0
-0.2556024771532742 1.170293735900261 0
-0.5244580507086131 0.02167575225153628 0
0.5214954415098939 0.08026935786177641 0
-0.07727870996923733 -0.5088433852323616 0
1.289639292108498 -1.437656442775391 0
-0.4543095127067776 0.2384279915763171 0
-0.07280293039065762 0.5221580113204932 0
-0.4820513855883114 0.2325699982025172 0
0.4956196447402185 -0.1305790685240305 0
-0.4747373879604295 0.2406727453112196 0
-0.4825336004967077 -0.1746513803072732 0
0.5017037658734455 -0.1127155904613127 0
0.2249109514270335 -0.4612963303077536 0
-0.4873510817141089 0.6741698977672275 0
0.5128735021976085 0.01589033135088345 0
-0.5737426358801785 -0.03634506060242662 0
0.4758683786760269 -0.1972566977853557 0
-0.2657793566278236 -0.4399797319705233 0
0.130352368395301 -0.496415535059648 0
-0.6366829456297283 -0.4799866039138039 0
0.5940058185258015 -0.01936133785915501 0
0.390777148119551 -0.3357530975748316 0
0.5107416277688006 -0.06884237522429873 0
0.5109077775513423 -0.05790102227178657 0
0.210740069303967 -0.4680101826896887 0
0.6625360707837936 0.3514544078330252 0
-0.3991721915963621 -0.3222185095795996 0
-0.2467278458523362 0.4506606335826897 0
0.06786085418008103 -0.5308754420385021 0
0.4217554950367244 0.2943102531303547 0
-0.4630196433918122 -0.6680307183951801 0
-0.3922734555046207 -0.3486714944783738 0
-0.495179594915909 -0.2909460001319459 0
-0.5306330268294824 0.07462264206725668 0
0.1879748171328469 -0.516372943228157 0
0.2523180238231883 0.4474381295259249 0
1.191189862589811 -0.3167594955539261 0
-0.2582111673654846 -0.442770168966803 0
-0.3816916087644754 0.4251073318949102 0
-0.4086614933977918 0.3097391731900785 0
-0.6281639233663666 -0.9228033056409864 0
0.4992779094766673 -0.1893683970269968 0
0.1939671101205463 0.5480112297315236 0
0.3202655047645835 0.3903404662396114 0
0.1945798767101012 -0.4903842670274738 0
-0.08746818149307117 0.5520710078100418 0
0.8540017979079001 -0.2022979257566707 0
-0.006864536873008662 0.513792752523786 0
-0.47864967942356 0.1821402951432381 0
-0.7018487561855914 -0.1270027866797157 0
0.6702205099715925 -0.1702059449541297 0
0.3245377385253281 -1.540587911964353 0
-0.3407238511141709 0.3851184646469256 0
0.4310319169651489 -0.2786139082504919 0
0.075962675960224 -0.8016048909118645 0
0.260575836347967 -0.5874325599722852 0
-0.1935656765963372 0.5201320787394481 0
-0.3426451986203883 -1.091840487241764 0
-0.159436271314421 0.5427650318597885 0
-0.4389803545884979 0.2662296181353617 0
0.5218145759424242 -0.04135360746475243 0
-0.2325075471201327 -0.4990273543114214 0
0.3107640151650696 0.4086909072958613 0
-0.2834018063827587 0.4711397304518623 0
0.3678971956308064 -0.3854340195066571 0
0.07977027656599099 0.5201247701368388 0
0.08231130337035571 0.5312138623503854 0
-0.298439797434208 -0.4188115445046686 0
-0.3038856475523867 -0.4139006056464397 0
-0.5082005259254957 0.2703456522483821 0
0.4896234877620608 -0.2655053640174297 0
-0.4470065945749331 0.2520907627294937 0
-0.08303371740967617 1.746449430138859 0
0.6278759016540062 -1.019586022307638 0
-0.5825470079026609 -0.1298253630746693 0
-0.2836381123646303 0.4276660584397671 0
-2.104782727472381 -0.3778907504990873 0
-0.6525223386172676 -0.2736371441704339 0
-0.2874209002589083 -0.4859995115017552 0
0.809369480785429 0.3244359418243757 0
-0.04565343478690119 0.5375881547781948 0
0.5776591519705683 -0.1386967997318088 0
-0.5299151900847892 -0.5092868784281435 0
0.06872265279930967 0.5766901339859198 0
0.2227963198606533 0.5469417393136764 0
0.02216931391665838 0.5634832263424788 0
0.5314483888376879 -0.08140249300454865 0
0.4911177755504119 -0.2974753441023917 0
-0.9892182088939582 1.301226868243079 0
-0.100133720386278 0.5039391095583076 0
-0.5944349507889907 -0.447288137702643 0
-0.4726191968564157 0.2817224252605801 0
-0.5707749424731777 0.005243933309054696 0
-1.370954371003045 -0.02170955336780766 0
-0.2181957579339197 0.465519373168877 0
-0.4050682233223437 0.3662101210013291 0
-0.4039645324995827 -0.3655530201001438 0
-0.4311161908448805 0.3780411654831525 0
-0.03683553502231325 -0.5104055011851619 0
-0.4237568006602985 0.3236304024431963 0
-0.4344617654998459 0.3298693424017989 0
0.6235272267079945 -0.4046299467331465 0
2.507823847269804 -0.1515175324844156 0
-0.2497804697152895 0.6410109068429058 0
-2.795802501642545 -1.08669073790491 0
0.4966910806034273 0.1363551311799045 0
-0.2657240536754956 0.4390449175697464 0
0.3226953405804407 -0.397739738705069 0
-0.2714049818928433 -0.4356741170771231 0
0.3776507395335389 0.3614915909185326 0
0.1934894065547821 -0.8300493703524587 0
0.1746441776468664 0.6389076162555083 0
0.4317796619541822 -0.3671025184444174 0
-0.3245647719660926 0.5831245566172799 0
0.5821609166372992 0.1677703472322918 0
0.4198411445338084 0.3582720849980908 0
0.2759590094391793 0.5444189241199231 0
0.4816651891882248 -0.2061785350222273 0
-0.08479604080678464 -0.5180138312609917 0
0.7020774045447191 0.5611372136079247 0
1.116525031862607 -1.602506585366402 0
0.3479754595659805 0.487818939951246 0
0.4745493333913967 0.2006181918992417 0
-0.8810326092828465 -0.2963036331012806 0
0.9227543099020773 -0.07090802855308144 0
-0.497201210506249 0.1303057596780538 0
0.3039254499292074 -0.4130452462497636 0
0.5104862175928946 -0.1113838858658717 0
-0.6460646335550823 0.297925369702826 0
-0.04199244905916132 -0.5826135924514008 0
-0.7713439271499862 -1.624227874551973 0
0.1245380206860258 0.5893017064738412 0
-0.3763475544722565 -0.4167352047410823 0
0.3385627993525436 -0.3987326956436082 0
0.2716604041862827 -0.4355728387947179 0
-0.09176757743537534 -0.5041113414769309 0
0.4356159699346005 0.3513821088432041 0
0.3054660281082456 0.4260186662048695 0
0.7088344362454347 -0.3712820320041412 0
0.1803850157889793 -0.6573193307698878 0
-0.8918693141915292 -0.0135294706738408 0
0.6239538077878503 -0.4887999362662417 0
-0.1225359231938989 -0.5218675956447614 0
-0.01942108422255109 0.5538762196159329 0
-0.2441349100083065 0.4836636374506316 0
0.1193458823468949 0.8127258112187405 0
-0.4004346057857185 0.3869908496707902 0
-0.3171675114182417 -0.4035745310386165 0
0.3485684019237489 -0.4660708811338731 0
-0.9394432951892489 1.473747487043662 0
-0.334631656472836 0.3892771258285668 0
-0.4293389170937997 -0.2815364461672519 0
0.1182554816773743 -0.8573817152882792 0
0.4979088103382072 0.1586885089765607 0
0.3827016268207918 0.3552117962235739 0
0.3328711732233128 0.3904301543589608 0
-1.095824040572402 1.646119864562784 0
0.1638718392747123 -0.529567930230294 0
0.5356863349439147 0.04411537765111241 0
-0.4784810205702481 0.3138394150355469 0
0.4529451166088052 0.4882272984448037 0
-0.08623710033881013 0.5205408184631509 0
1.585108418402704 -0.08316753821869115 0
-0.1639968136320674 0.7189703295703198 0
0.868881337754198 0.8689080589075211 0
-0.4089983991912026 -0.540615232945329 0
-1.249433260663658 -0.09214013620996925 0
0.3290332236437042 -0.3943431697698029 0
0.05782404927661176 -0.5444537928125368 0
0.1372164686244882 -0.5340304726657287 0
-0.3092817779931214 0.6423026459521288 0
0.1153186130113711 0.5002412947536183 0
0.09245266365533562 0.5050471800905814 0
-0.4708577555946798 0.2034234587748611 0
0.4095532496127331 -0.6710879143976062 0
$EndNodes
$Elements
9 5676 1 5676
1 1 1 16
1 1 9 
2 9 10 
3 10 11 
4 11 12 
5 12 13 
6 13 14 
7 14 15 
8 15 16 
9 16 17 
10 17 18 
11 18 19 
12 19 20 
13 20 21 
14 21 22 
15 22 23 
16 23 2 
1 2 1 11
17 2 24 
18 24 25 
19 25 26 
20 26 27 
21 27 28 
22 28 29 
23 29 30 
24 30 31 
25 31 32 
26 32 33 
27 33 3 
1 3 1 16
28 3 34 
29 34 35 
30 35 36 
31 36 37 
32 37 38 
33 38 39 
34 39 40 
35 40 41 
36 41 42 
37 42 43 
38 43 44 
39 44 45 
40 45 46 
41 46 47 
42 47 48 
43 48 4 
1 4 1 11
44 4 49 
45 49 50 
46 50 51 
47 51 52 
48 52 53 
49 53 54 
50 54 55 
51 55 56 
52 56 57 
53 57 58 
54 58 1 
1 5 1 104
55 5 59 
56 59 60 
57 60 61 
58 61 62 
59 62 63 
60 63 64 
61 64 65 
62 65 66 
63 66 67 
64 67 68 
65 68 69 
66 69 70 
67 70 71 
68 71 72 
69 72 73 
70 73 74 
71 74 75 
72 75 76 
73 76 77 
74 77 78 
75 78 79 
76 79 80 
77 80 81 
78 81 82 
79 82 83 
80 83 84 
81 84 85 
82 85 86 
83 86 87 
84 87 88 
85 88 89 
86 89 90 
87 90 91 
88 91 92 
89 92 93 
90 93 94 
91 94 95 
92 95 96 
93 96 97 
94 97 98 
95 98 99 
96 99 100 
97 100 101 
98 101 102 
99 102 103 
100 103 104 
101 104 105 
102 105 106 
103 106 107 
104 107 108 
105 108 109 
106 109 110 
107 110 111 
108 111 112 
109 112 113 
110 113 114 
111 114 115 
112 115 116 
113 116 117 
114 117 118 
115 118 119 
116 119 120 
117 120 121 
118 121 122 
119 122 123 
120 123 124 
121 124 125 
122 125 126 
123 126 127 
124 127 128 
125 128 129 
126 129 130 
127 130 131 
128 131 132 
129 132 133 
130 133 134 
131 134 135 
132 135 136 
133 136 137 
134 137 138 
135 138 139 
136 139 140 
137 140 141 
138 141 142 
139 142 143 
140 143 144 
141 144 145 
142 145 146 
143 146 147 
144 147 148 
145 148 149 
146 149 150 
147 150 151 
148 151 152 
149 152 153 
150 153 154 
151 154 155 
152 155 156 
153 156 157 
154 157 158 
155 158 159 
156 159 160 
157 160 161 
158 161 6 
1 6 1 104
159 6 162 
160 162 163 
161 163 164 
162 164 165 
163 165 166 
164 166 167 
165 167 168 
166 168 169 
167 169 170 
168 170 171 
169 171 172 
170 172 173 
171 173 174 
172 174 175 
173 175 176 
174 176 177 
175 177 178 
176 178 179 
177 179 180 
178 180 181 
179 181 182 
180 182 183 
181 183 184 
182 184 185 
183 185 186 
184 186 187 
185 187 188 
186 188 189 
187 189 190 
188 190 191 
189 191 192 
190 192 193 
191 193 194 
192 194 195 
193 195 196 
194 196 197 
195 197 198 
196 198 199 
197 199 200 
198 200 201 
199 201 202 
200 202 203 
201 203 204 
202 204 205 
203 205 206 
204 206 207 
205 207 208 
206 208 209 
207 209 210 
208 210 211 
209 211 212 
210 212 213 
211 213 214 
212 214 215 
213 215 216 
214 216 217 
215 217 218 
216 218 219 
217 219 220 
218 220 221 
219 221 222 
220 222 223 
221 223 224 
222 224 225 
223 225 226 
224 226 227 
225 227 228 
226 228 229 
227 229 230 
228 230 231 
229 231 232 
230 232 233 
231 233 234 
232 234 235 
233 235 236 
234 236 237 
235 237 238 
236 238 239 
237 239 240 
238 240 241 
239 241 242 
240 242 243 
241 243 244 
242 244 245 
243 245 246 
244 246 247 
245 247 248 
246 248 249 
247 249 250 
248 250 251 
249 251 252 
250 252 253 
251 253 254 
252 254 255 
253 255 256 
254 256 257 
255 257 258 
256 258 259 
257 259 260 
258 260 261 
259 261 262 
260 262 263 
261 263 264 
262 264 7 
1 7 1 104
263 7 265 
264 265 266 
265 266 267 
266 267 268 
267 268 269 
268 269 270 
269 270 271 
270 271 272 
271 272 273 
272 273 274 
273 274 275 
274 275 276 
275 276 277 
276 277 278 
277 278 279 
278 279 280 
279 280 281 
280 281 282 
281 282 283 
282 283 284 
283 284 285 
284 285 286 
285 286 287 
286 287 288 
287 288 289 
288 289 290 
289 290 291 
290 291 292 
291 292 293 
292 293 294 
293 294 295 
294 295 296 
295 296 297 
296 297 298 
297 298 299 
298 299 300 
299 300 301 
300 301 302 
301 302 303 
302 303 304 
303 304 305 
304 305 306 
305 306 307 
306 307 308 
307 308 309 
308 309 310 
309 310 311 
310 311 312 
311 312 313 
312 313 314 
313 314 315 
314 315 316 
315 316 317 
316 317 318 
317 318 319 
318 319 320 
319 320 321 
320 321 322 
321 322 323 
322 323 324 
323 324 325 
324 325 326 
325 326 327 
326 327 328 
327 328 329 
328 329 330 
329 330 331 
330 331 332 
331 332 333 
332 333 334 
333 334 335 
334 335 336 
335 336 337 
336 337 338 
337 338 339 
338 339 340 
339 340 341 
340 341 342 
341 342 343 
342 343 344 
343 344 345 
344 345 346 
345 346 347 
346 347 348 
347 348 349 
348 349 350 
349 350 351 
350 351 352 
351 352 353 
352 353 354 
353 354 355 
354 355 356 
355 356 357 
356 357 358 
357 358 359 
358 359 360 
359 360 361 
360 361 362 
361 362 363 
362 363 364 
363 364 365 
364 365 366 
365 366 367 
366 367 8 
1 8 1 104
367 8 368 
368 368 369 
369 369 370 
370 370 371 
371 371 372 
372 372 373 
373 373 374 
374 374 375 
375 375 376 
376 376 377 
377 377 378 
378 378 379 
379 379 380 
380 380 381 
381 381 382 
382 382 383 
383 383 384 
384 384 385 
385 385 386 
386 386 387 
387 387 388 
388 388 389 
389 389 390 
390 390 391 
391 391 392 
392 392 393 
393 393 394 
394 394 395 
395 395 396 
396 396 397 
397 397 398 
398 398 399 
399 399 400 
400 400 401 
401 401 402 
402 402 403 
403 403 404 
404 404 405 
405 405 406 
406 406 407 
407 407 408 
408 408 409 
409 409 410 
410 410 411 
411 411 412 
412 412 413 
413 413 414 
414 414 415 
415 415 416 
416 416 417 
417 417 418 
418 418 419 
419 419 420 
420 420 421 
421 421 422 
422 422 423 
423 423 424 
424 424 425 
425 425 426 
426 426 427 
427 427 428 
428 428 429 
429 429 430 
430 430 431 
431 431 432 
432 432 433 
433 433 434 
434 434 435 
435 435 436 
436 436 437 
437 437 438 
438 438 439 
439 439 440 
440 440 441 
441 441 442 
442 442 443 
443 443 444 
444 444 445 
445 445 446 
446 446 447 
447 447 448 
448 448 449 
449 449 450 
450 450 451 
451 451 452 
452 452 453 
453 453 454 
454 454 455 
455 455 456 
456 456 457 
457 457 458 
458 458 459 
459 459 460 
460 460 461 
461 461 462 
462 462 463 
463 463 464 
464 464 465 
465 465 466 
466 466 467 
467 467 468 
468 468 469 
469 469 470 
470 470 5 
2 1 2 5206
471 925 947 1666 
472 1392 1394 2422 
473 1413 854 1734 
474 594 1968 2350 
475 1738 590 2246 
476 1562 1061 1843 
477 1521 1423 1522 
478 975 977 1339 
479 2051 2515 2616 
480 1237 1094 2265 
481 992 1106 1310 
482 1520 1342 2416 
483 1240 1241 2764 
484 1955 2537 2625 
485 2221 2078 2421 
486 476 1539 1558 
487 1565 1068 2181 
488 1342 1520 1581 
489 703 702 716 
490 1741 1642 2470 
491 781 780 886 
492 1023 1021 2150 
493 1094 1109 2265 
494 1539 477 2476 
495 1139 1140 1190 
496 1131 1610 1971 
497 1444 520 2331 
498 692 2220 2528 
499 557 1524 1526 
500 1168 842 1489 
501 1356 1503 1932 
502 1117 1170 2666 
503 1190 1675 1800 
504 1524 557 1670 
505 1184 1182 1336 
506 1623 566 1991 
507 1772 1062 2322 
508 1125 1381 2781 
509 1107 1158 1165 
510 1801 475 2055 
511 1310 1106 1313 
512 924 1413 1414 
513 1327 1326 1328 
514 1181 1179 1182 
515 1241 1242 1402 
516 1018 1068 2465 
517 1021 1073 2150 
518 952 882 2157 
519 2081 2080 2221 
520 966 969 1608 
521 586 582 1528 
522 876 1391 1392 
523 1018 2465 2606 
524 1384 1203 1665 
525 1224 1223 1322 
526 1873 1870 2652 
527 1998 2088 2653 
528 849 887 2133 
529 1805 643 1925 
530 1724 900 1992 
531 1868 1262 2123 
532 1459 1174 2791 
533 1084 1237 2189 
534 1094 1107 1109 
535 2278 2397 2719 
536 1865 1864 2169 
537 554 1598 2219 
538 1582 897 2103 
539 1658 767 2275 
540 548 1984 2700 
541 954 965 1630 
542 1068 1845 2181 
543 1152 925 1666 
544 2096 2056 2691 
545 1672 1196 1673 
546 1325 1081 1326 
547 1630 965 2461 
548 1466 1739 2030 
549 1310 1313 1728 
550 1926 1927 2400 
551 602 1632 2020 
552 1391 866 2307 
553 1182 1183 1316 
554 526 1590 2066 
555 1558 1539 1559 
556 650 2273 2534 
557 1951 1910 2478 
558 112 111 2002 
559 2397 856 2719 
560 586 1528 2467 
561 2018 2358 2739 
562 1147 1097 1155 
563 1352 1078 1353 
564 1000 1002 1105 
565 1845 1218 2181 
566 1709 875 2392 
567 905 907 1121 
568 886 904 912 
569 1921 1918 2228 
570 763 1745 2401 
571 643 1805 1930 
572 1870 1871 2652 
573 1092 1076 1097 
574 1075 1248 1249 
575 1767 1109 1769 
576 1092 1097 1147 
577 970 973 2722 
578 902 901 983 
579 1674 658 2599 
580 1844 1042 2395 
581 2369 1230 2401 
582 1440 964 1680 
583 1178 781 1741 
584 657 1783 1975 
585 2075 2074 2217 
586 1353 1354 1356 
587 1066 1076 1092 
588 1338 1650 1903 
589 2099 1688 2657 
590 1497 485 1687 
591 1378 1377 1379 
592 1533 1611 2280 
593 929 1559 2260 
594 1107 1108 1158 
595 861 1418 2821 
596 918 897 982 
597 953 1631 2206 
598 825 826 905 
599 1663 1206 1664 
600 716 717 732 
601 1188 1756 2786 
602 703 716 718 
603 1611 1533 1697 
604 621 1971 2540 
605 896 906 920 
606 1250 1249 1252 
607 698 2061 2544 
608 1525 1984 2319 
609 1139 1190 1246 
610 1248 1056 1936 
611 1397 1396 1398 
612 918 982 1154 
613 1831 2220 2367 
614 961 771 1757 
615 1618 1089 1746 
616 522 528 1561 
617 1788 1607 2310 
618 1722 1724 1992 
619 877 1395 2052 
620 1215 2204 2205 
621 891 1178 1179 
622 1094 1095 1107 
623 1857 1597 2069 
624 1162 1231 1307 
625 1206 1663 2188 
626 1066 1063 1076 
627 1500 1365 1501 
628 1845 1022 2058 
629 1396 1392 2422 
630 905 826 907 
631 2147 527 2675 
632 578 1655 2628 
633 912 915 1335 
634 896 812 906 
635 1190 1192 1675 
636 1139 1246 2300 
637 656 1303 2032 
638 1608 969 2164 
639 1000 1105 2702 
640 475 1540 2055 
641 779 718 780 
642 686 702 703 
643 1611 671 2280 
644 1447 1287 1475 
645 964 904 1680 
646 2134 1479 2135 
647 1555 849 2133 
648 1129 1110 1400 
649 1238 1315 2728 
650 1395 1392 1396 
651 639 623 2171 
652 1404 950 1406 
653 1121 907 1337 
654 1082 1101 2742 
655 1121 1337 1449 
656 732 733 753 
657 808 812 896 
658 964 1440 2263 
659 827 897 918 
660 892 1755 1911 
661 1224 1322 1348 
662 767 1658 2480 
663 2054 1089 2622 
664 794 797 2316 
665 626 1962 2536 
666 1778 1779 2170 
667 1739 1738 2246 
668 753 754 774 
669 1156 1751 1899 
670 1691 1469 2025 
671 1538 1759 1787 
672 796 794 2316 
673 1559 1539 2476 
674 877 876 1395 
675 39 477 1539 
676 771 769 1757 
677 1228 2072 2808 
678 511 510 512 
679 1573 1945 2034 
680 956 2294 2711 
681 1443 1307 1859 
682 1154 982 1456 
683 935 1117 1227 
684 887 1222 1223 
685 509 506 510 
686 1004 1006 1099 
687 1060 1325 1719 
688 766 1423 1521 
689 500 499 506 
690 1687 961 1757 
691 1174 920 1403 
692 1691 2025 2026 
693 777 921 2795 
694 857 854 1413 
695 1118 1702 1928 
696 1414 1416 1480 
697 1478 1273 2471 
698 779 780 781 
699 1086 1094 1237 
700 989 992 2727 
701 1127 1226 2116 
702 762 732 2785 
703 2297 1058 2456 
704 1353 1356 1362 
705 686 687 702 
706 1479 1442 2337 
707 1784 629 1950 
708 1602 546 1781 
709 902 983 985 
710 821 885 1321 
711 1273 1632 2471 
712 1181 1182 1184 
713 2295 688 2296 
714 1660 1976 2031 
715 623 627 2171 
716 1303 668 1448 
717 906 950 1404 
718 1025 1063 1066 
719 732 753 2785 
720 1927 1876 2400 
721 1044 1046 1074 
722 2141 2142 2145 
723 687 695 1586 
724 1442 1578 2337 
725 1422 1421 1720 
726 573 512 1385 
727 1647 699 2102 
728 1010 1726 2361 
729 2508 1593 2771 
730 887 1223 1224 
731 1241 1240 1242 
732 537 658 1674 
733 1054 1056 1248 
734 891 1179 1181 
735 827 813 897 
736 1473 1827 1830 
737 1203 1384 1640 
738 1307 1231 1597 
739 1184 1336 1428 
740 1339 977 2072 
741 915 1138 1139 
742 1811 1495 2550 
743 1335 1139 2300 
744 1424 1297 2409 
745 1165 1158 1618 
746 1352 1353 1355 
747 2253 680 2387 
748 1759 1538 2381 
749 924 1414 1417 
750 915 1139 1335 
751 1186 1184 1428 
752 656 654 1303 
753 2244 693 2293 
754 1628 701 2148 
755 1634 2099 2657 
756 825 799 826 
757 1170 1236 1929 
758 1322 1323 1498 
759 1412 1130 2535 
760 1585 471 1758 
761 1200 1125 2781 
762 1692 2027 2044 
763 1666 947 1733 
764 1672 1141 2448 
765 1554 1127 2116 
766 1084 1086 1237 
767 785 783 891 
768 983 984 1238 
769 54 1686 1786 
770 808 806 812 
771 895 829 1377 
772 821 819 885 
773 829 823 919 
774 1356 1357 1503 
775 849 847 887 
776 744 1560 1574 
777 2254 2252 2492 
778 1676 568 2819 
779 1930 1713 2041 
780 783 781 1178 
781 859 857 924 
782 1922 1478 2091 
783 837 835 901 
784 511 512 573 
785 1253 1252 1371 
786 758 1471 2748 
787 508 1881 2477 
788 1031 1033 1057 
789 2273 1589 2534 
790 895 1377 1378 
791 1109 1107 2399 
792 1327 1328 1330 
793 1975 1783 2434 
794 1252 1249 1257 
795 1607 1788 2311 
796 520 522 2331 
797 1194 1196 1672 
798 876 868 1391 
799 837 901 902 
800 1446 869 2371 
801 1907 1530 2620 
802 1378 1379 1477 
803 866 908 2307 
804 714 772 2453 
805 1686 1332 1786 
806 1325 1326 1327 
807 1414 1413 1416 
808 1596 2338 2467 
809 1805 1713 1930 
810 1052 1054 1075 
811 937 1613 1787 
812 642 1587 2438 
813 1241 1402 1408 
814 1256 1253 1258 
815 12 475 1633 
816 1817 1818 1819 
817 781 886 1741 
818 1910 1911 2478 
819 730 709 2834 
820 642 634 1587 
821 886 912 2800 
822 1862 567 2604 
823 509 510 511 
824 1056 1060 1077 
825 1249 1248 1251 
826 1388 1387 1496 
827 1099 1006 1240 
828 664 1444 1445 
829 861 859 1418 
830 1060 1070 1325 
831 969 970 2722 
832 1469 1466 2030 
833 2536 1962 2789 
834 1386 1385 1387 
835 1328 1326 1329 
836 1673 1142 2082 
837 1174 1403 1566 
838 709 731 2834 
839 854 1555 1734 
840 2029 1467 2030 
841 1726 1010 2089 
842 1105 1002 2810 
843 483 495 499 
844 654 651 668 
845 1603 1188 2786 
846 666 656 707 
847 1190 1140 1192 
848 659 1484 1485 
849 500 506 509 
850 1089 1618 2622 
851 1009 1012 1100 
852 1587 1373 2438 
853 2088 1998 2342 
854 1328 1567 2239 
855 1122 1121 1143 
856 1399 1398 1897 
857 992 1310 1311 
858 1386 1387 1388 
859 1430 1281 2427 
860 2204 1215 2206 
861 1311 1310 1616 
862 546 1602 1782 
863 1429 1277 1433 
864 1770 569 2001 
865 2206 1215 2749 
866 1371 1252 1532 
867 1291 1288 1447 
868 2224 1536 2359 
869 2329 1829 2330 
870 1472 758 2748 
871 1373 1342 1581 
872 1099 1240 2764 
873 1082 1084 1101 
874 867 869 2372 
875 1392 1391 2832 
876 2313 2312 2314 
877 1283 1285 2407 
878 1038 2341 2713 
879 1178 1741 2470 
880 1345 1297 1424 
881 1586 695 2379 
882 1186 1428 1598 
883 753 774 1806 
884 924 857 1413 
885 1690 1691 2028 
886 1246 1190 1770 
887 516 520 664 
888 1287 1284 1430 
889 1316 1317 1949 
890 1150 2088 2342 
891 1329 1442 1479 
892 2287 871 2288 
893 1328 1329 1567 
894 1258 1253 1371 
895 1881 2195 2477 
896 789 787 894 
897 1418 924 2698 
898 1385 512 2520 
899 858 860 2278 
900 868 866 1391 
901 1023 2150 2291 
902 710 709 730 
903 1351 1203 1640 
904 1227 1117 1530 
905 1070 1080 1081 
906 1558 1559 2285 
907 1833 1835 2194 
908 1590 526 2592 
909 573 1385 1386 
910 485 1497 1686 
911 1610 1131 1935 
912 1014 1078 1352 
913 1264 1262 1868 
914 1227 1530 1907 
915 664 520 1444 
916 1288 1287 1447 
917 551 549 1670 
918 1162 1164 1231 
919 1984 1435 2319 
920 872 1615 2349 
921 1070 1081 1325 
922 690 2187 2202 
923 1659 1367 1877 
924 1984 548 2299 
925 1616 2015 2739 
926 1284 1281 1430 
927 683 2247 2256 
928 1552 987 1743 
929 2174 2494 2602 
930 1351 1640 2710 
931 859 924 1418 
932 1182 1179 1183 
933 1570 1693 2151 
934 669 1350 1506 
935 593 1217 2651 
936 1515 2217 2604 
937 2027 2026 2044 
938 916 886 2800 
939 1228 1865 2169 
940 1022 1025 2058 
941 951 920 1174 
942 904 780 1680 
943 483 499 500 
944 1028 1031 1333 
945 2220 1831 2528 
946 785 891 2365 
947 1139 1138 1140 
948 1745 1584 2401 
949 1402 1242 1407 
950 1561 528 2805 
951 662 679 686 
952 1529 800 2684 
953 1376 2079 2328 
954 974 975 2720 
955 1075 1054 1248 
956 1398 1396 1573 
957 2537 1874 2625 
958 912 1335 2779 
959 1705 1347 1886 
960 1075 1249 1250 
961 1599 1144 1600 
962 866 863 908 
963 570 572 669 
964 1126 985 1519 
965 1728 995 2015 
966 1528 582 2628 
967 666 1438 2677 
968 1760 1654 2344 
969 1291 1447 1612 
970 777 776 2775 
971 800 799 825 
972 1793 2005 2053 
973 557 1526 2318 
974 629 1784 2837 
975 1316 1183 1317 
976 1176 1174 1459 
977 1761 1157 2241 
978 1769 1109 2399 
979 1598 554 1756 
980 1766 1768 2057 
981 1566 2147 2675 
982 15 1557 2492 
983 732 1440 2824 
984 737 739 1574 
985 715 1451 2343 
986 1353 1078 1354 
987 588 586 685 
988 1706 580 2017 
989 471 1585 2495 
990 886 780 904 
991 1483 2224 2359 
992 1258 1371 1968 
993 564 570 1490 
994 1766 2057 2629 
995 558 564 1492 
996 1345 1424 1891 
997 1359 1365 1500 
998 1419 861 2821 
999 1641 1589 2273 
1000 1168 1489 1527 
1001 1984 1525 2700 
1002 1303 1448 1470 
1003 1329 1479 2612 
1004 1004 1099 1710 
1005 1404 1406 1592 
1006 2204 2206 2295 
1007 1086 1091 1094 
1008 1275 1273 1478 
1009 1028 1333 2549 
1010 654 668 1303 
1011 744 746 1560 
1012 544 2298 2710 
1013 518 1685 2095 
1014 206 205 2128 
1015 1616 1310 2015 
1016 2345 1063 2549 
1017 1302 1542 2240 
1018 489 1577 1634 
1019 1383 1674 2599 
1020 758 760 1471 
1021 1014 1016 1078 
1022 1129 1400 1610 
1023 1515 1517 2075 
1024 1445 1444 1709 
1025 1366 1144 1599 
1026 1583 492 1585 
1027 2359 1536 2472 
1028 1500 1501 2305 
1029 1562 1843 2593 
1030 1885 1226 2508 
1031 880 877 898 
1032 1533 1245 1697 
1033 1589 962 2534 
1034 1249 1251 2760 
1035 1256 1258 1260 
1036 1557 1556 2656 
1037 1124 918 1125 
1038 1459 1638 2424 
1039 1711 1243 1712 
1040 1103 1092 1110 
1041 1298 1902 2493 
1042 1625 476 1780 
1043 1492 1490 1493 
1044 1290 1288 1291 
1045 1664 1206 1983 
1046 1052 1075 2198 
1047 1355 1353 2671 
1048 1226 1885 2116 
1049 1432 1558 2285 
1050 1250 1252 1253 
1051 528 530 667 
1052 793 791 872 
1053 1391 1393 2832 
1054 1408 1402 2281 
1055 622 1700 1736 
1056 1885 1614 2116 
1057 912 904 915 
1058 1632 602 2471 
1059 1330 1328 1639 
1060 1524 1670 2700 
1061 1432 1464 1952 
1062 766 1422 1423 
1063 1232 1235 1462 
1064 666 707 1438 
1065 1199 1125 1200 
1066 1101 1084 2189 
1067 1573 1880 1945 
1068 1422 1730 2593 
1069 512 516 2520 
1070 1198 1309 1507 
1071 1326 1081 1441 
1072 566 1623 2421 
1073 1322 1223 1323 
1074 1410 1772 2322 
1075 1111 1110 1129 
1076 659 601 1484 
1077 1356 1354 1357 
1078 2143 2159 2175 
1079 872 2349 2386 
1080 920 906 2750 
1081 1445 1709 2392 
1082 1831 1833 2528 
1083 1281 1277 1429 
1084 1313 1426 2127 
1085 1191 1675 2073 
1086 966 968 969 
1087 580 1706 1762 
1088 1844 2395 2584 
1089 616 612 766 
1090 622 1736 2485 
1091 1598 1755 2219 
1092 1333 1057 1334 
1093 1782 1214 2769 
1094 580 1762 2130 
1095 973 974 2720 
1096 1362 1356 1682 
1097 1126 1519 2797 
1098 1357 1359 1499 
1099 2187 1841 2202 
1100 545 1664 1983 
1101 716 702 717 
1102 567 2085 2604 
1103 802 800 1529 
1104 1201 1200 1369 
1105 893 2372 2403 
1106 1154 1456 1590 
1107 612 607 1421 
1108 1705 1345 1753 
1109 1330 1639 2183 
1110 776 777 2795 
1111 766 1421 1422 
1112 1542 488 2240 
1113 1462 1463 1594 
1114 1130 1129 2535 
1115 1943 2301 2686 
1116 893 867 2372 
1117 806 802 1529 
1118 807 806 808 
1119 1025 1026 1063 
1120 1640 658 2710 
1121 1433 1277 2621 
1122 975 976 977 
1123 1344 1297 1345 
1124 512 513 516 
1125 887 847 1222 
1126 1738 1330 2183 
1127 870 868 876 
1128 475 1576 1633 
1129 906 911 950 
1130 1428 1336 1911 
1131 1348 1322 1735 
1132 1417 1414 2708 
1133 506 1245 1533 
1134 1761 2241 2486 
1135 1285 2235 2407 
1136 1002 1219 2810 
1137 891 783 1178 
1138 2316 797 2323 
1139 1774 1038 2713 
1140 1357 1499 1503 
1141 1286 1284 1287 
1142 1252 1257 2513 
1143 1313 1314 1426 
1144 582 578 2628 
1145 2226 795 2386 
1146 1805 1925 1926 
1147 814 813 827 
1148 1280 1283 2407 
1149 1460 1334 2362 
1150 2033 1067 2420 
1151 2204 2295 2296 
1152 707 656 2032 
1153 1238 1239 1571 
1154 966 1608 2709 
1155 876 1392 1395 
1156 1747 1769 2399 
1157 1501 1365 1604 
1158 1247 813 2745 
1159 1696 1646 2063 
1160 1447 1475 2269 
1161 616 766 1521 
1162 726 736 1579 
1163 2277 893 2403 
1164 597 593 673 
1165 1081 1080 1082 
1166 1097 1098 1474 
1167 954 958 965 
1168 772 1743 2453 
1169 1350 572 2783 
1170 1077 1060 1719 
1171 705 677 709 
1172 1995 1430 1996 
1173 1112 1921 2228 
1174 1755 892 2505 
1175 854 849 1555 
1176 1018 1020 1068 
1177 922 930 2747 
1178 1402 1407 2089 
1179 1690 1251 2571 
1180 1226 1126 1593 
1181 718 716 2824 
1182 997 1000 2523 
1183 1056 1077 1936 
1184 588 685 1217 
1185 2103 1176 2424 
1186 680 2253 2255 
1187 1346 1345 1705 
1188 1429 1433 2040 
1189 1646 1696 2499 
1190 898 877 2052 
1191 820 819 821 
1192 1559 929 2285 
1193 1480 1416 1481 
1194 1597 1857 1858 
1195 558 1492 2452 
1196 1458 885 2509 
1197 1657 486 1659 
1198 701 1628 2607 
1199 1977 1660 2817 
1200 1147 1155 1700 
1201 1683 830 2776 
1202 1397 1398 1399 
1203 897 1247 2103 
1204 1456 1457 1553 
1205 1444 1527 1709 
1206 869 1446 2372 
1207 1414 1480 1495 
1208 798 795 799 
1209 1226 1593 2508 
1210 473 20 1619 
1211 16 1556 1557 
1212 774 1550 2526 
1213 1713 1712 2515 
1214 959 962 1589 
1215 1423 1422 2593 
1216 1395 1396 1397 
1217 1861 682 2436 
1218 1639 1328 2239 
1219 1312 1586 2379 
1220 1749 1488 1914 
1221 1158 1108 1159 
1222 624 620 663 
1223 885 1458 2274 
1224 907 934 935 
1225 965 966 2709 
1226 1682 1356 1932 
1227 1347 1705 1753 
1228 1379 1377 1380 
1229 1729 603 2178 
1230 1038 1774 2395 
1231 983 901 984 
1232 669 572 1350 
1233 871 2098 2288 
1234 1179 1178 2470 
1235 983 1238 2728 
1236 1525 1524 2700 
1237 1711 1712 1713 
1238 1759 937 1787 
1239 593 588 1217 
1240 1107 1095 1108 
1241 601 597 1484 
1242 1031 1032 1033 
1243 37 476 1625 
1244 1232 1462 1543 
1245 2312 574 2314 
1246 961 1687 2099 
1247 1251 1690 2028 
1248 1849 910 1955 
1249 1732 698 2544 
1250 1399 1897 1898 
1251 726 1579 1725 
1252 11 12 1633 
1253 985 983 2728 
1254 1861 2436 2639 
1255 1231 1164 1232 
1256 822 821 823 
1257 804 802 806 
1258 1992 899 2762 
1259 1297 1294 2409 
1260 1602 1214 1782 
1261 2027 2045 2695 
1262 1282 1280 2407 
1263 1976 1660 1977 
1264 1689 883 2282 
1265 1836 1838 2654 
1266 1914 1488 2755 
1267 732 717 733 
1268 1810 853 2087 
1269 2098 871 2332 
1270 942 940 1120 
1271 729 712 2530 
1272 111 569 2002 
1273 1315 1238 1752 
1274 2223 2244 2293 
1275 541 1907 2620 
1276 1442 1546 1578 
1277 931 953 2749 
1278 853 1810 1893 
1279 2303 2249 2518 
1280 1287 1430 2504 
1281 2263 1668 2466 
1282 986 985 1126 
1283 935 1116 1117 
1284 1120 1524 1525 
1285 1721 1065 2410 
1286 1778 988 2727 
1287 1551 1552 1743 
1288 1903 1650 2578 
1289 1675 1191 1800 
1290 573 1386 2774 
1291 1188 1186 2551 
1292 714 712 729 
1293 1238 984 1239 
1294 516 517 520 
1295 2204 2203 2205 
1296 2106 1150 2342 
1297 972 1819 2120 
1298 15 16 1557 
1299 1205 1188 1603 
1300 2005 1793 2006 
1301 686 679 687 
1302 811 809 813 
1303 1448 668 1520 
1304 739 744 1574 
1305 1499 1359 1500 
1306 921 922 2747 
1307 1522 1423 1843 
1308 992 993 1106 
1309 1577 489 1633 
1310 699 1647 2271 
1311 1307 1858 1859 
1312 2301 1592 2686 
1313 1117 1119 1170 
1314 910 1849 1909 
1315 1321 885 2734 
1316 1022 1024 1025 
1317 1421 607 2590 
1318 1058 2398 2456 
1319 1078 1016 2469 
1320 1722 1992 2762 
1321 940 751 1523 
1322 1403 1943 2635 
1323 506 499 1245 
1324 1177 1588 1777 
1325 1625 1780 2596 
1326 1000 1001 1002 
1327 789 894 2455 
1328 1623 1991 2435 
1329 1094 1091 1095 
1330 1120 1523 1524 
1331 481 43 1537 
1332 483 18 495 
1333 1929 1236 2573 
1334 1968 1371 2350 
1335 1515 2075 2217 
1336 557 551 1670 
1337 1379 1380 1628 
1338 1182 1316 2447 
1339 778 718 779 
1340 1659 1877 2480 
1341 824 823 829 
1342 1507 1309 1508 
1343 2099 1634 2286 
1344 1294 1292 1564 
1345 829 919 2572 
1346 2255 1216 2373 
1347 1449 1337 1650 
1348 909 1872 2537 
1349 947 1368 1733 
1350 1170 1171 1236 
1351 2345 1334 2756 
1352 1158 1159 2583 
1353 1370 1369 1647 
1354 1720 1421 2590 
1355 1014 1352 2733 
1356 481 1788 2310 
1357 1645 1370 1647 
1358 489 1634 2657 
1359 1480 1481 2118 
1360 782 781 783 
1361 1290 1291 1292 
1362 2260 1559 2476 
1363 1827 1473 1829 
1364 1575 1052 2198 
1365 900 1724 1898 
1366 953 2206 2749 
1367 1799 1965 2196 
1368 905 1121 1122 
1369 1634 1577 2286 
1370 1033 1034 1036 
1371 1507 1508 2221 
1372 1746 1089 1912 
1373 1644 1370 1645 
1374 537 542 658 
1375 818 816 819 
1376 1223 1222 1554 
1377 1779 1617 2096 
1378 616 1521 2787 
1379 881 1871 1875 
1380 2349 1166 2386 
1381 475 13 1540 
1382 476 38 1539 
1383 1074 1046 2548 
1384 1484 597 2694 
1385 1134 1742 2152 
1386 1215 2207 2749 
1387 1971 1610 2540 
1388 1049 1052 1575 
1389 1451 715 2577 
1390 716 732 2824 
1391 2027 1692 2045 
1392 1818 1339 1819 
1393 753 733 754 
1394 1768 1748 2008 
1395 1756 1188 2551 
1396 1415 1811 2550 
1397 1804 1266 2179 
1398 1513 1515 2604 
1399 1127 1126 1226 
1400 1872 909 1939 
1401 2278 1496 2397 
1402 668 651 1581 
1403 2420 1149 2423 
1404 1438 707 2111 
1405 1435 1434 2576 
1406 1332 1230 2369 
1407 1538 474 2381 
1408 1260 1258 1799 
1409 1699 1654 1760 
1410 1462 1235 1463 
1411 576 573 2774 
1412 830 829 895 
1413 823 821 2751 
1414 1588 959 1589 
1415 570 669 2743 
1416 1334 1460 2756 
1417 605 601 659 
1418 1543 1462 2043 
1419 1505 2152 2530 
1420 2515 1712 2616 
1421 632 628 653 
1422 1742 1134 2363 
1423 1369 1200 1685 
1424 697 1752 2092 
1425 768 770 1177 
1426 1688 493 2657 
1427 930 931 2749 
1428 1735 888 1846 
1429 1231 1232 2782 
1430 1495 1811 2708 
1431 972 1817 1819 
1432 1470 1448 2297 
1433 1464 1432 2285 
1434 1582 2103 2424 
1435 1652 472 1761 
1436 2301 1403 2750 
1437 1920 913 2006 
1438 2475 2228 2502 
1439 1679 1678 2378 
1440 1344 1345 1346 
1441 2309 1596 2467 
1442 30 486 1657 
1443 1557 2254 2492 
1444 1511 1513 2085 
1445 1806 1563 2785 
1446 1046 1047 1048 
1447 1907 541 1908 
1448 1899 1751 1900 
1449 2294 2295 2711 
1450 17 483 1556 
1451 1479 2134 2429 
1452 1604 1365 2570 
1453 860 864 2278 
1454 1292 1291 1648 
1455 575 573 576 
1456 919 823 2190 
1457 1606 1376 2328 
1458 1624 774 2526 
1459 913 1920 2007 
1460 1110 1092 2697 
1461 1044 1045 1046 
1462 1465 1330 1466 
1463 1317 1331 1667 
1464 1028 1030 1031 
1465 1122 1143 1144 
1466 1485 1484 1649 
1467 1536 1348 2012 
1468 1122 1366 1776 
1469 795 793 2386 
1470 1542 1302 2381 
1471 1081 1082 2491 
1472 836 835 837 
1473 872 791 2641 
1474 995 1728 2016 
1475 709 677 2677 
1476 901 835 2364 
1477 955 2209 2211 
1478 564 1490 1492 
1479 785 2365 2366 
1480 1564 1292 2603 
1481 1716 663 1773 
1482 2282 880 2793 
1483 896 920 951 
1484 1597 2071 2799 
1485 1208 1205 1663 
1486 512 510 513 
1487 1305 1658 2275 
1488 1647 1369 2271 
1489 1155 1097 1474 
1490 1777 1588 2644 
1491 1407 1486 1726 
1492 2392 875 2428 
1493 1286 1287 1288 
1494 1143 1121 2658 
1495 2330 1829 2706 
1496 1601 1214 1602 
1497 1811 1415 1820 
1498 1041 1044 1883 
1499 1192 1194 1671 
1500 499 495 2574 
1501 736 926 1579 
1502 1758 2369 2401 
1503 1960 1475 1997 
1504 2209 955 2711 
1505 1489 842 2346 
1506 1097 1076 1098 
1507 1650 1338 2333 
1508 1503 1499 2531 
1509 14 15 479 
1510 39 40 477 
1511 42 43 481 
1512 17 18 483 
1513 1916 1920 2228 
1514 1002 1003 1004 
1515 1394 1873 2652 
1516 870 876 877 
1517 955 2211 2215 
1518 737 1574 2321 
1519 1466 1330 1738 
1520 1477 1379 1982 
1521 1859 1088 2582 
1522 746 768 1560 
1523 1214 1210 1660 
1524 1841 2207 2542 
1525 1460 1771 2756 
1526 563 723 1725 
1527 522 524 528 
1528 1495 1480 2284 
1529 1125 918 2705 
1530 962 1548 2534 
1531 1336 1182 2447 
1532 989 991 992 
1533 1088 1859 1978 
1534 1684 731 2555 
1535 520 521 522 
1536 479 15 2492 
1537 2249 2251 2518 
1538 766 612 1421 
1539 1499 1500 2383 
1540 481 1537 1681 
1541 489 11 1633 
1542 798 799 800 
1543 1057 1033 2352 
1544 1478 1922 2225 
1545 997 999 1000 
1546 1033 1036 2406 
1547 2028 2027 2695 
1548 46 488 1542 
1549 1378 1477 2498 
1550 1490 570 2743 
1551 1185 1184 1186 
1552 27 472 1652 
1553 522 1561 2331 
1554 550 552 574 
1555 1273 1270 1632 
1556 671 1611 2258 
1557 907 935 2822 
1558 926 1431 1579 
1559 962 1146 1548 
1560 2033 2420 2423 
1561 1681 1455 1788 
1562 2135 1479 2337 
1563 1588 1589 1641 
1564 1724 1399 1898 
1565 784 783 785 
1566 1852 1955 2625 
1567 1037 1039 1040 
1568 987 1375 1743 
1569 1377 829 2572 
1570 1120 940 1523 
1571 1417 1812 2182 
1572 2582 1980 2583 
1573 1676 1672 2448 
1574 975 1339 2511 
1575 883 880 2282 
1576 1420 1888 2821 
1577 1394 1392 2832 
1578 1142 1673 2435 
1579 1292 1648 2603 
1580 564 565 570 
1581 905 1122 1776 
1582 1755 1428 1911 
1583 496 2574 2784 
1584 1517 1830 2077 
1585 1710 1243 1711 
1586 1349 1348 1536 
1587 900 1898 1988 
1588 702 687 1586 
1589 770 959 1588 
1590 1004 1710 2761 
1591 926 1153 1431 
1592 1002 1004 2761 
1593 762 1668 2263 
1594 615 612 616 
1595 1227 2060 2822 
1596 1603 1985 2449 
1597 1481 1482 1483 
1598 1266 1804 1868 
1599 951 1174 1176 
1600 791 789 2778 
1601 2198 1255 2199 
1602 677 666 2677 
1603 2161 2216 2413 
1604 1468 1466 1469 
1605 1277 1275 2621 
1606 493 1688 2768 
1607 1031 1057 1333 
1608 719 987 1552 
1609 685 586 2467 
1610 840 838 845 
1611 2249 2250 2251 
1612 487 1760 2344 
1613 1928 1702 1929 
1614 1066 1092 1103 
1615 1177 770 1588 
1616 1367 1659 2539 
1617 695 719 1552 
1618 832 830 1683 
1619 1507 2221 2421 
1620 1690 1469 1691 
1621 1426 1427 1568 
1622 827 918 1124 
1623 19 20 473 
1624 44 45 474 
1625 1096 1534 2524 
1626 707 2033 2423 
1627 1496 1387 1544 
1628 1689 1163 2283 
1629 1508 1511 2081 
1630 1985 555 2449 
1631 12 13 475 
1632 37 38 476 
1633 768 1177 1560 
1634 952 2157 2309 
1635 579 578 582 
1636 1664 545 1977 
1637 897 813 1247 
1638 590 1738 2183 
1639 1406 950 1599 
1640 978 988 2808 
1641 1210 1208 2817 
1642 528 529 530 
1643 1187 1186 1188 
1644 1204 1188 1205 
1645 1004 1005 1006 
1646 1656 1657 1658 
1647 1407 1439 1486 
1648 1880 881 1945 
1649 1560 1177 1637 
1650 1786 1332 2369 
1651 1481 1483 2267 
1652 1262 1260 1718 
1653 921 777 922 
1654 2150 1340 2291 
1655 1856 908 2459 
1656 1693 1570 2716 
1657 1745 763 2245 
1658 476 1558 1780 
1659 1748 1768 2552 
1660 492 1583 1715 
1661 835 832 1683 
1662 1141 1672 2726 
1663 1198 1507 1623 
1664 880 898 2793 
1665 2329 2330 2501 
1666 1523 751 2826 
1667 1702 1118 2601 
1668 738 641 1740 
1669 846 845 847 
1670 906 812 911 
1671 1906 1227 1907 
1672 834 832 835 
1673 898 1661 1662 
1674 1456 982 1457 
1675 1207 1205 1208 
1676 1585 492 2495 
1677 1781 546 2173 
1678 1777 639 2171 
1679 2247 2248 2256 
1680 1041 1043 1044 
1681 1501 1604 1904 
1682 54 55 1686 
1683 1751 1156 2637 
1684 1322 1498 2473 
1685 1138 964 2263 
1686 1753 1345 1891 
1687 1486 1488 1504 
1688 632 653 1587 
1689 883 1689 2283 
1690 942 1120 2319 
1691 1048 1575 2199 
1692 804 806 807 
1693 1498 1323 1614 
1694 474 45 1542 
1695 1281 1429 2427 
1696 1310 1728 2015 
1697 1144 1143 1998 
1698 1329 1441 1442 
1699 1176 1459 2424 
1700 673 593 2651 
1701 813 809 2745 
1702 1461 1346 1620 
1703 510 506 2737 
1704 1932 1503 2638 
1705 1698 1975 2434 
1706 1217 685 2662 
1707 969 968 970 
1708 662 686 2783 
1709 1124 1125 1199 
1710 620 616 2787 
1711 2248 1541 2249 
1712 2072 977 2808 
1713 1590 2065 2066 
1714 1613 937 2434 
1715 1012 1014 2733 
1716 1831 1832 1833 
1717 977 978 2808 
1718 800 825 2684 
1719 811 813 814 
1720 1700 622 1737 
1721 1812 1417 2488 
1722 2395 1774 2584 
1723 1037 1040 2235 
1724 1504 1749 1750 
1725 1192 1193 1194 
1726 780 718 1680 
1727 742 764 1745 
1728 1789 489 2657 
1729 1199 1200 1201 
1730 1006 1007 1009 
1731 1159 1443 2583 
1732 1739 2029 2030 
1733 640 634 642 
1734 908 863 2459 
1735 1668 762 2514 
1736 1258 1968 2546 
1737 1025 1024 1026 
1738 569 1770 2002 
1739 1778 1617 1779 
1740 2141 2145 2236 
1741 2053 562 2693 
1742 1571 1239 1572 
1743 1618 2583 2622 
1744 619 616 620 
1745 1334 1057 2679 
1746 1715 1704 1775 
1747 779 782 1591 
1748 1052 1053 1054 
1749 1508 1509 1511 
1750 1685 518 2559 
1751 2576 1434 2645 
1752 710 730 1476 
1753 848 847 849 
1754 937 749 1698 
1755 472 28 1656 
1756 1807 1746 1912 
1757 1800 1191 2479 
1758 611 607 612 
1759 827 1124 1798 
1760 705 709 710 
1761 1046 1048 2326 
1762 930 922 931 
1763 1048 1049 1575 
1764 894 787 2483 
1765 2163 2160 2494 
1766 1868 598 2004 
1767 14 479 2794 
1768 1600 1144 1998 
1769 645 642 651 
1770 1835 1833 2516 
1771 850 849 854 
1772 1103 1110 1111 
1773 2107 2106 2342 
1774 1420 1813 1889 
1775 1622 574 2312 
1776 1020 1022 1845 
1777 1373 1587 2368 
1778 1261 1260 1262 
1779 1209 1208 1210 
1780 572 662 2783 
1781 1063 1026 2549 
1782 1919 1921 2300 
1783 847 845 2812 
1784 1671 1676 2819 
1785 988 1778 2170 
1786 1883 1044 2408 
1787 583 582 586 
1788 1644 1645 1646 
1789 2142 1145 2145 
1790 1111 1129 1130 
1791 907 826 934 
1792 1127 1554 2522 
1793 1270 1267 1729 
1794 1331 1636 1793 
1795 1581 651 2438 
1796 1565 2181 2570 
1797 1049 1051 1052 
1798 2318 1526 2568 
1799 1486 1504 2156 
1800 2605 1501 2789 
1801 807 808 809 
1802 1902 1648 2493 
1803 855 854 857 
1804 1124 1458 1798 
1805 38 39 1539 
1806 13 14 1540 
1807 838 837 2272 
1808 652 651 654 
1809 491 1652 1653 
1810 1236 1601 1602 
1811 1841 1133 2207 
1812 1504 1750 2192 
1813 1054 1055 1056 
1814 1232 1543 2782 
1815 1497 1687 1757 
1816 2437 1300 2696 
1817 1371 1532 2350 
1818 670 2355 2656 
1819 1203 828 2563 
1820 1779 2096 2691 
1821 1387 1385 1797 
1822 27 28 472 
1823 52 53 471 
1824 1048 2199 2696 
1825 1536 2012 2532 
1826 786 785 787 
1827 2253 2387 2721 
1828 659 1485 1720 
1829 618 1933 2567 
1830 1201 1369 1370 
1831 1442 1545 1546 
1832 953 954 2807 
1833 1721 2410 2754 
1834 1431 1153 1432 
1835 2315 796 2316 
1836 506 1533 2737 
1837 1130 1412 1604 
1838 1761 472 2566 
1839 1071 2376 2377 
1840 818 819 820 
1841 1604 1412 1904 
1842 1508 2081 2221 
1843 806 1529 2630 
1844 1317 1318 1331 
1845 2308 2307 2446 
1846 1196 1198 2801 
1847 965 958 966 
1848 1553 1457 1638 
1849 43 44 1537 
1850 18 19 495 
1851 516 513 517 
1852 732 762 1440 
1853 1595 1229 2338 
1854 1727 946 2324 
1855 830 895 2776 
1856 819 816 2509 
1857 1456 1553 2655 
1858 205 994 2128 
1859 655 654 656 
1860 597 673 2694 
1861 1851 1855 2218 
1862 1406 1599 2724 
1863 1474 1098 1754 
1864 954 1630 2807 
1865 2603 2117 2618 
1866 651 642 2438 
1867 973 970 974 
1868 2191 1522 2584 
1869 1056 1059 1060 
1870 1009 1011 1012 
1871 858 857 859 
1872 1493 1490 2588 
1873 1524 1523 1526 
1874 2069 1597 2799 
1875 1212 1210 1214 
1876 1762 1708 2130 
1877 16 17 1556 
1878 2308 2625 2692 
1879 1540 14 2794 
1880 1216 2255 2617 
1881 558 560 564 
1882 2188 1663 2449 
1883 21 487 1619 
1884 1100 1744 2823 
1885 495 19 2784 
1886 578 577 2816 
1887 1839 2186 2836 
1888 749 741 1698 
1889 1222 847 2812 
1890 2180 2686 2687 
1891 941 940 942 
1892 473 1619 2357 
1893 1331 1635 1636 
1894 1155 1474 1751 
1895 1617 1616 2358 
1896 1665 1203 2563 
1897 1333 1334 2345 
1898 714 729 772 
1899 42 2310 2736 
1900 1658 1305 2766 
1901 1388 1496 2276 
1902 1706 2017 2562 
1903 2212 1631 2807 
1904 1390 2316 2323 
1905 698 1732 2062 
1906 1443 1859 2582 
1907 731 709 2556 
1908 2223 2222 2462 
1909 490 36 1625 
1910 1826 1831 2367 
1911 1923 1917 2003 
1912 1576 475 1801 
1913 2251 2252 2253 
1914 1255 1253 1256 
1915 1194 1195 1196 
1916 1656 29 1657 
1917 808 896 1794 
1918 982 897 1582 
1919 820 821 822 
1920 1031 1030 1032 
1921 1722 1723 1724 
1922 19 473 2784 
1923 1263 1262 1264 
1924 603 1729 2564 
1925 861 1419 2459 
1926 2250 1541 2794 
1927 1598 1428 1755 
1928 1060 1069 1070 
1929 1307 1597 1858 
1930 1698 741 1740 
1931 1658 1657 1659 
1932 788 787 789 
1933 1790 1733 2545 
1934 860 859 861 
1935 885 819 2509 
1936 1650 2060 2578 
1937 1065 1721 2746 
1938 1566 1403 2230 
1939 533 537 1674 
1940 1102 2111 2404 
1941 1659 486 2539 
1942 1076 1063 1580 
1943 1267 1264 1804 
1944 1537 44 2820 
1945 1107 1165 2399 
1946 1149 2404 2423 
1947 902 985 986 
1948 20 21 1619 
1949 623 620 624 
1950 1363 1784 1950 
1951 1265 1264 1267 
1952 598 1868 2123 
1953 36 37 1625 
1954 1461 1620 1621 
1955 665 656 666 
1956 915 964 1138 
1957 55 485 1686 
1958 1366 1599 2519 
1959 1407 1726 2089 
1960 2338 685 2467 
1961 1357 1358 1359 
1962 799 795 2226 
1963 845 838 2440 
1964 1838 1839 2836 
1965 918 1154 2705 
1966 490 1625 1666 
1967 1092 1147 2697 
1968 1269 1267 1270 
1969 2152 1505 2442 
1970 953 931 954 
1971 2207 1133 2747 
1972 2128 2127 2441 
1973 1009 1100 2823 
1974 1621 1620 1933 
1975 1066 1103 2058 
1976 1405 2180 2687 
1977 1476 730 2304 
1978 1448 1520 2009 
1979 577 576 2816 
1980 2041 1713 2515 
1981 1756 554 1986 
1982 1628 1380 1629 
1983 1173 1816 2146 
1984 2317 873 2389 
1985 2358 1616 2739 
1986 29 30 1657 
1987 587 586 588 
1988 568 1676 2707 
1989 1352 1355 1914 
1990 1455 1681 2289 
1991 2469 1016 2606 
1992 634 632 1587 
1993 723 726 1725 
1994 1347 1753 1887 
1995 1227 1906 2060 
1996 44 474 2820 
1997 1871 881 1880 
1998 703 718 778 
1999 2091 1478 2471 
2000 1655 578 2718 
2001 1313 1106 1314 
2002 1268 2020 2543 
2003 1636 2475 2502 
2004 1985 1603 2786 
2005 1426 1568 2441 
2006 1872 1874 2537 
2007 1006 1009 2823 
2008 2313 1493 2315 
2009 1571 2497 2639 
2010 1236 1602 1781 
2011 1773 663 2191 
2012 1272 1270 1273 
2013 1571 1572 2497 
2014 1635 916 2475 
2015 1551 772 2809 
2016 533 536 537 
2017 542 544 2710 
2018 1833 2194 2528 
2019 1511 1512 1513 
2020 790 789 791 
2021 1070 1079 1080 
2022 1012 1013 1014 
2023 1638 1459 2506 
2024 1500 2305 2600 
2025 939 751 940 
2026 1965 1799 2546 
2027 1553 1638 2503 
2028 2574 495 2784 
2029 614 2117 2603 
2030 862 861 863 
2031 1529 2320 2630 
2032 511 573 575 
2033 779 781 782 
2034 695 1552 2379 
2035 1817 972 2119 
2036 1100 1012 2733 
2037 1705 1886 2567 
2038 491 26 1652 
2039 2390 856 2397 
2040 1493 2313 2314 
2041 1646 1645 1732 
2042 1687 485 1688 
2043 1722 1463 1723 
2044 1865 2170 2691 
2045 1541 2055 2794 
2046 474 1538 2820 
2047 1605 734 2453 
2048 822 823 824 
2049 2152 2442 2633 
2050 674 666 677 
2051 1163 1534 2283 
2052 1196 1197 1198 
2053 2430 893 2803 
2054 2211 2213 2507 
2055 1851 1854 1855 
2056 1773 2191 2584 
2057 1224 1348 1349 
2058 1033 1032 1034 
2059 1717 1220 2759 
2060 1695 1696 2063 
2061 1904 2536 2789 
2062 1548 1146 1549 
2063 26 27 1652 
2064 1257 2028 2695 
2065 935 934 1116 
2066 863 861 2459 
2067 570 571 572 
2068 1949 1317 2648 
2069 1578 1546 1626 
2070 764 1137 1745 
2071 1218 1845 2058 
2072 746 748 768 
2073 787 785 2366 
2074 1816 1173 2139 
2075 1723 1399 1724 
2076 1098 1580 1771 
2077 1824 1823 2132 
2078 28 29 1656 
2079 1855 1888 1889 
2080 1515 1516 1517 
2081 1359 1364 1365 
2082 2251 2253 2721 
2083 1198 1308 1309 
2084 2071 1597 2782 
2085 2020 1632 2543 
2086 659 1720 2590 
2087 1687 1688 2099 
2088 1513 1514 1515 
2089 741 738 1740 
2090 1700 1737 1974 
2091 1398 1573 2034 
2092 838 2272 2440 
2093 817 818 2268 
2094 1437 2288 2765 
2095 1117 1116 1119 
2096 1701 1378 2498 
2097 1082 1083 1084 
2098 1408 2023 2517 
2099 670 509 2327 
2100 1704 1715 2586 
2101 592 588 593 
2102 812 806 2630 
2103 1311 1616 1617 
2104 670 2656 2715 
2105 2248 2249 2256 
2106 1403 920 2750 
2107 1823 1824 2367 
2108 1103 1218 2058 
2109 975 974 976 
2110 500 509 670 
2111 627 624 628 
2112 935 1227 2822 
2113 792 791 793 
2114 1694 919 1696 
2115 2159 2143 2602 
2116 520 517 521 
2117 1943 1403 2301 
2118 24 25 1699 
2119 1772 1773 1774 
2120 1467 2024 2030 
2121 1574 1560 2757 
2122 2332 871 2334 
2123 1890 1753 1891 
2124 1534 1096 1535 
2125 2060 1906 2578 
2126 1673 2082 2726 
2127 1679 2378 2580 
2128 943 942 944 
2129 1386 1388 2279 
2130 1040 1039 1041 
2131 1274 1273 1275 
2132 1408 2281 2623 
2133 1629 1694 1695 
2134 1293 1292 1294 
2135 1170 1119 1171 
2136 1746 1807 2609 
2137 768 769 770 
2138 638 2757 2830 
2139 2328 41 2736 
2140 865 863 866 
2141 1419 1888 2833 
2142 825 905 1776 
2143 1720 1485 1721 
2144 1615 872 2468 
2145 52 471 2495 
2146 772 729 1742 
2147 1556 483 2715 
2148 667 530 2474 
2149 707 2032 2033 
2150 1527 1444 2331 
2151 1472 2482 2585 
2152 45 46 1542 
2153 1121 1449 2658 
2154 961 2099 2286 
2155 528 524 529 
2156 950 911 2519 
2157 1044 1074 2408 
2158 1918 1916 2228 
2159 1238 1571 2436 
2160 1680 718 2824 
2161 824 829 830 
2162 1543 2043 2632 
2163 1889 1813 2087 
2164 1426 1314 1427 
2165 1061 1562 2336 
2166 1014 1015 1016 
2167 596 593 597 
2168 1134 2152 2633 
2169 1068 1565 2465 
2170 1133 1840 2581 
2171 986 1126 1127 
2172 1996 1430 2427 
2173 55 56 485 
2174 30 31 486 
2175 945 944 1169 
2176 21 22 487 
2177 46 47 488 
2178 624 663 2382 
2179 1887 1753 1890 
2180 611 612 615 
2181 977 976 978 
2182 753 1806 2785 
2183 522 521 524 
2184 1232 1234 1235 
2185 488 47 1704 
2186 1137 1583 1584 
2187 572 660 662 
2188 1499 2383 2642 
2189 1159 1162 2806 
2190 2175 2159 2393 
2191 1320 2357 2457 
2192 770 771 959 
2193 662 678 679 
2194 2555 731 2556 
2195 1996 609 2115 
2196 1703 1368 2539 
2197 1855 1889 2262 
2198 1952 2412 2521 
2199 1629 1695 2525 
2200 2148 515 2595 
2201 1036 1034 1037 
2202 1498 1795 1892 
2203 1236 1171 1601 
2204 1836 1837 1838 
2205 1276 1275 1277 
2206 1251 1936 2571 
2207 1702 1170 1929 
2208 936 749 937 
2209 1000 999 1001 
2210 1865 1228 2170 
2211 1246 1770 2001 
2212 2527 774 2780 
2213 794 793 795 
2214 486 31 1703 
2215 32 494 1703 
2216 1813 1810 2087 
2217 530 533 1674 
2218 736 925 926 
2219 1314 1106 2231 
2220 1084 1085 1086 
2221 2072 2169 2758 
2222 1566 1941 2147 
2223 10 11 489 
2224 35 36 490 
2225 2045 595 2049 
2226 491 1653 1654 
2227 1280 1277 1281 
2228 680 2255 2373 
2229 2320 1529 2684 
2230 1181 1184 1185 
2231 40 41 2328 
2232 1462 1594 2611 
2233 1296 1294 1297 
2234 1436 2575 2645 
2235 951 1176 2103 
2236 1843 1061 2741 
2237 1888 1419 2821 
2238 1460 1346 1461 
2239 2023 1408 2703 
2240 1289 1288 1290 
2241 615 616 619 
2242 752 2388 2721 
2243 834 835 836 
2244 1046 1045 1047 
2245 1521 1522 2191 
2246 1137 1584 1745 
2247 1067 2033 2456 
2248 1205 1603 2449 
2249 1974 1400 2697 
2250 2001 569 2176 
2251 25 26 491 
2252 50 51 492 
2253 564 560 565 
2254 494 1790 2545 
2255 2249 1541 2250 
2256 1159 1161 1162 
2257 1048 1047 1049 
2258 778 779 1591 
2259 926 1152 1153 
2260 2161 2413 2753 
2261 47 48 1704 
2262 631 628 632 
2263 1162 1307 2806 
2264 1611 1115 2258 
2265 959 960 962 
2266 1628 1629 2607 
2267 782 783 784 
2268 530 529 533 
2269 836 837 838 
2270 1283 1281 1284 
2271 1431 1432 1952 
2272 1470 2297 2456 
2273 1307 1443 2806 
2274 1852 1849 1955 
2275 1133 2581 2747 
2276 1327 1330 1465 
2277 2065 1590 2396 
2278 2003 1917 2579 
2279 1568 1569 1693 
2280 793 872 2386 
2281 2075 1517 2076 
2282 826 799 2385 
2283 2252 2250 2492 
2284 2330 948 2501 
2285 537 540 542 
2286 31 32 1703 
2287 1044 1043 1045 
2288 835 1683 2364 
2289 1700 1155 1736 
2290 25 491 1699 
2291 2144 2142 2159 
2292 1501 1904 2789 
2293 992 991 993 
2294 1933 618 2374 
2295 936 937 1759 
2296 2757 1637 2830 
2297 1471 2330 2706 
2298 1584 1585 1758 
2299 1653 1652 1761 
2300 528 667 2805 
2301 797 795 798 
2302 32 33 494 
2303 57 58 493 
2304 1498 1614 2626 
2305 1016 1017 1018 
2306 1165 1618 1746 
2307 1711 1713 1717 
2308 1275 1478 2621 
2309 1660 1210 2817 
2310 867 866 868 
2311 1400 1110 2697 
2312 1208 1663 1664 
2313 1752 697 2587 
2314 888 1735 2473 
2315 575 576 577 
2316 2092 1752 2436 
2317 1068 1020 1845 
2318 53 54 1786 
2319 1002 1001 1003 
2320 1766 1767 1768 
2321 600 597 601 
2322 1860 1590 2592 
2323 1590 1456 2396 
2324 669 1506 2464 
2325 530 1674 2802 
2326 1560 1637 2757 
2327 1168 1561 2097 
2328 1826 1828 1831 
2329 2095 1685 2500 
2330 2150 1073 2416 
2331 1609 2461 2709 
2332 2044 2026 2166 
2333 1162 1163 1164 
2334 772 1551 1743 
2335 1343 1297 1344 
2336 1073 2009 2416 
2337 663 620 2787 
2338 2216 2243 2413 
2339 474 1542 2381 
2340 1496 1544 2397 
2341 1518 2076 2610 
2342 1393 2308 2692 
2343 1172 1818 2649 
2344 988 978 989 
2345 2145 1172 2236 
2346 939 940 941 
2347 2133 1349 2439 
2348 700 1982 2114 
2349 2079 477 2328 
2350 893 2277 2803 
2351 773 777 2775 
2352 1737 1148 1973 
2353 816 814 1798 
2354 1628 2148 2595 
2355 607 605 2590 
2356 595 2045 2048 
2357 801 800 802 
2358 1443 2582 2583 
2359 2352 1033 2406 
2360 577 578 579 
2361 1086 1090 1091 
2362 1147 1700 1974 
2363 1648 1902 2603 
2364 619 620 623 
2365 2162 2160 2163 
2366 22 23 1760 
2367 1620 1346 1705 
2368 1018 1019 1020 
2369 1696 2190 2499 
2370 840 845 846 
2371 1691 2026 2027 
2372 471 53 1786 
2373 1167 2098 2332 
2374 727 724 728 
2375 2387 752 2721 
2376 1229 1595 2541 
2377 1592 1406 2687 
2378 1471 760 2554 
2379 731 1684 2777 
2380 1099 1243 1710 
2381 1266 1868 2004 
2382 1285 1284 1286 
2383 796 2315 2317 
2384 1838 2184 2227 
2385 1729 1267 2564 
2386 1654 1653 1727 
2387 1911 1336 2478 
2388 1483 1482 2224 
2389 550 574 2788 
2390 479 2250 2794 
2391 1986 1189 2786 
2392 1647 2102 2560 
2393 916 1635 1642 
2394 1552 1374 2379 
2395 758 1472 2780 
2396 1883 1282 2407 
2397 1793 1636 2006 
2398 1658 1659 2480 
2399 809 808 2745 
2400 2317 2315 2588 
2401 1492 1493 2314 
2402 2404 2111 2423 
2403 1631 953 2807 
2404 653 628 2533 
2405 1329 1326 1441 
2406 633 632 634 
2407 1637 1177 1777 
2408 1674 1383 2802 
2409 1550 774 2527 
2410 2474 1437 2765 
2411 2178 1268 2543 
2412 2251 2250 2252 
2413 555 2188 2449 
2414 1436 1115 1611 
2415 477 40 2328 
2416 704 677 705 
2417 789 2455 2778 
2418 9 10 1789 
2419 34 35 1790 
2420 2076 1518 2101 
2421 1214 1660 2769 
2422 906 1404 2750 
2423 942 2319 2576 
2424 542 543 544 
2425 1466 1738 1739 
2426 1567 1329 2612 
2427 41 42 2736 
2428 879 877 880 
2429 563 1725 1803 
2430 1698 1740 1975 
2431 1465 1466 1468 
2432 962 963 1146 
2433 754 758 2780 
2434 803 802 804 
2435 490 1733 1790 
2436 1407 1242 1439 
2437 1671 1672 1676 
2438 1229 1104 1802 
2439 42 481 2310 
2440 1481 1416 1482 
2441 682 2092 2436 
2442 1062 1772 2713 
2443 1532 1252 2513 
2444 1026 1027 1028 
2445 1072 2009 2445 
2446 1643 885 2274 
2447 1020 1021 1022 
2448 721 2303 2518 
2449 2222 2213 2462 
2450 2009 1073 2445 
2451 664 1445 2838 
2452 487 22 1760 
2453 1672 1673 2726 
2454 1670 549 2489 
2455 1763 1765 1766 
2456 686 703 1651 
2457 579 582 583 
2458 1004 1003 1005 
2459 640 642 645 
2460 49 50 1775 
2461 2360 894 2405 
2462 774 1624 1806 
2463 1708 1762 2370 
2464 1455 1451 2577 
2465 869 868 870 
2466 774 754 2780 
2467 1317 1667 2648 
2468 1414 1495 2708 
2469 1025 1066 2058 
2470 1599 1600 2724 
2471 1337 907 2822 
2472 552 558 2452 
2473 882 880 883 
2474 712 710 1476 
2475 2029 1739 2246 
2476 988 989 2727 
2477 1172 2145 2720 
2478 810 809 811 
2479 2072 1228 2169 
2480 623 624 627 
2481 2196 599 2815 
2482 1185 1186 1187 
2483 2045 1692 2048 
2484 902 986 2272 
2485 628 624 2533 
2486 1440 762 2263 
2487 604 601 605 
2488 1187 1188 1204 
2489 1888 1420 1889 
2490 687 694 695 
2491 2412 661 2521 
2492 1937 609 2444 
2493 491 1654 1699 
2494 1167 2097 2098 
2495 2199 1389 2696 
2496 1825 1822 2077 
2497 2049 595 2232 
2498 1475 1960 2269 
2499 1784 1363 2608 
2500 1240 1006 2823 
2501 1491 2588 2743 
2502 1450 1314 2231 
2503 2140 676 2393 
2504 1381 1125 2705 
2505 2413 2244 2825 
2506 1600 2036 2724 
2507 544 549 550 
2508 1623 1507 2421 
2509 1656 1658 2766 
2510 2414 873 2463 
2511 2085 1513 2604 
2512 2583 1980 2622 
2513 1057 2460 2679 
2514 2182 1420 2821 
2515 1860 1381 2705 
2516 2170 1779 2691 
2517 784 785 786 
2518 1251 1248 1936 
2519 1587 653 2368 
2520 1784 1682 2837 
2521 1600 1998 2653 
2522 1022 1023 1024 
2523 1579 1431 2521 
2524 2122 1718 2124 
2525 490 1666 1733 
2526 1663 1205 2449 
2527 1506 1350 2356 
2528 676 2140 2177 
2529 1662 1661 1723 
2530 768 748 769 
2531 930 2207 2747 
2532 1154 1590 1860 
2533 1463 1662 1723 
2534 1729 2178 2543 
2535 1192 1140 1193 
2536 2259 767 2480 
2537 760 761 2775 
2538 1052 1051 1053 
2539 1353 1362 2671 
2540 1006 1005 1007 
2541 1204 1205 1207 
2542 1468 1469 1690 
2543 1606 2328 2736 
2544 624 2382 2533 
2545 1632 1270 2543 
2546 1404 1592 2301 
2547 1959 1695 2063 
2548 1243 1099 2764 
2549 2335 1783 2553 
2550 1256 1260 1261 
2551 649 1927 2064 
2552 1202 828 1203 
2553 1568 1427 1569 
2554 1747 1746 2609 
2555 2391 2390 2397 
2556 2120 1819 2411 
2557 1740 641 1956 
2558 1503 2531 2712 
2559 10 489 1789 
2560 35 490 1790 
2561 1058 2297 2418 
2562 2076 2077 2610 
2563 814 827 1798 
2564 734 714 2453 
2565 2207 930 2749 
2566 1626 1627 1706 
2567 1638 2506 2672 
2568 751 728 2826 
2569 2514 762 2785 
2570 1365 1565 2570 
2571 1584 1583 1585 
2572 885 1643 2734 
2573 1441 1081 2491 
2574 2431 1134 2633 
2575 739 743 744 
2576 574 1622 2788 
2577 1393 2307 2308 
2578 2759 1220 2810 
2579 1750 1785 2121 
2580 1192 1671 1675 
2581 112 2002 2479 
2582 2321 1574 2757 
2583 2494 2160 2602 
2584 550 551 552 
2585 638 2321 2757 
2586 2040 1937 2444 
2587 492 51 2495 
2588 1303 1470 2032 
2589 1410 1716 1772 
2590 627 628 631 
2591 1519 985 2292 
2592 728 724 2568 
2593 754 757 758 
2594 1486 1439 1488 
2595 941 942 943 
2596 1768 1769 2552 
2597 916 1642 1741 
2598 583 586 587 
2599 1610 1400 2540 
2600 1040 1041 1883 
2601 1009 1007 1011 
2602 1594 1463 1722 
2603 1317 1183 1318 
2604 1349 2224 2439 
2605 1432 1153 1558 
2606 926 925 1152 
2607 2036 1600 2615 
2608 1696 919 2190 
2609 1250 1253 1255 
2610 2538 1900 2665 
2611 2195 1519 2477 
2612 1145 2142 2144 
2613 1327 1465 1719 
2614 1016 1018 2606 
2615 815 814 816 
2616 1504 1488 1749 
2617 1671 1194 1672 
2618 2388 2518 2721 
2619 1833 1834 1836 
2620 1902 614 2603 
2621 2025 1469 2030 
2622 1794 951 2103 
2623 50 492 1775 
2624 887 1224 2133 
2625 48 4 2561 
2626 1876 1927 2636 
2627 537 536 540 
2628 4 49 2561 
2629 846 847 848 
2630 1489 875 1709 
2631 1393 1391 2307 
2632 1717 1713 1805 
2633 750 728 751 
2634 1165 1746 1747 
2635 570 565 571 
2636 485 56 2768 
2637 1028 1029 1030 
2638 2527 1472 2585 
2639 1475 1287 2504 
2640 1688 485 2768 
2641 886 916 1741 
2642 1768 2008 2057 
2643 1548 2351 2534 
2644 817 816 818 
2645 1042 1844 2741 
2646 1207 1208 1209 
2647 1575 2198 2199 
2648 1580 2345 2756 
2649 486 1703 2539 
2650 2253 2252 2254 
2651 1054 1053 1055 
2652 606 605 607 
2653 2436 1571 2639 
2654 770 769 771 
2655 1323 1223 1554 
2656 1453 1783 2335 
2657 1661 1399 1723 
2658 1643 1370 1644 
2659 1783 657 2553 
2660 1645 1647 2560 
2661 2032 1470 2033 
2662 1109 1767 2265 
2663 2351 650 2534 
2664 2055 1540 2794 
2665 2441 1568 2814 
2666 744 745 746 
2667 511 575 2327 
2668 2107 2342 2658 
2669 1520 668 1581 
2670 645 651 652 
2671 2111 1102 2594 
2672 848 849 850 
2673 1612 1447 2631 
2674 1056 1055 1059 
2675 850 854 855 
2676 873 2317 2463 
2677 959 771 960 
2678 23 2 2565 
2679 1357 1354 1358 
2680 712 1476 2530 
2681 2073 1675 2819 
2682 786 787 788 
2683 2 24 2565 
2684 1584 1758 2401 
2685 1527 1489 1709 
2686 2250 479 2492 
2687 1152 1666 2596 
2688 917 1382 1384 
2689 1442 1441 1545 
2690 719 928 987 
2691 1373 1581 2438 
2692 652 654 655 
2693 587 588 592 
2694 1219 1002 2761 
2695 944 942 2576 
2696 1894 1594 1981 
2697 821 1321 2751 
2698 1793 2053 2693 
2699 2160 2159 2602 
2700 1727 2324 2557 
2701 1060 1059 1069 
2702 1578 1626 2681 
2703 855 857 858 
2704 1375 1605 2453 
2705 1763 1766 2629 
2706 1768 1767 1769 
2707 2474 530 2802 
2708 1661 898 2052 
2709 631 632 633 
2710 1012 1011 1013 
2711 2239 1567 2732 
2712 1818 1172 2511 
2713 727 728 750 
2714 1877 2259 2480 
2715 1093 1409 1410 
2716 1261 1262 1263 
2717 483 500 2715 
2718 742 1745 2245 
2719 492 1715 1775 
2720 788 789 790 
2721 1788 1455 2577 
2722 592 593 596 
2723 711 710 712 
2724 1209 1210 1212 
2725 655 656 665 
2726 481 1681 1788 
2727 858 859 860 
2728 1534 1535 2283 
2729 1508 1309 1509 
2730 2190 823 2751 
2731 1384 1665 2714 
2732 864 2276 2278 
2733 516 664 2520 
2734 1325 1327 1719 
2735 1453 1613 1783 
2736 1145 2164 2722 
2737 1169 944 2645 
2738 943 944 945 
2739 986 1401 2272 
2740 1070 1069 1079 
2741 2151 1693 2636 
2742 1630 2212 2807 
2743 1383 923 1437 
2744 2012 1348 2798 
2745 945 1169 1319 
2746 2152 729 2530 
2747 2320 911 2630 
2748 2253 2254 2255 
2749 515 2114 2595 
2750 1637 2171 2830 
2751 915 904 964 
2752 1591 782 2380 
2753 1410 1411 1716 
2754 790 791 792 
2755 57 493 2768 
2756 746 747 748 
2757 938 1157 1305 
2758 908 1856 2446 
2759 1653 1761 2486 
2760 1618 1158 2583 
2761 1706 1707 1762 
2762 596 597 600 
2763 860 861 862 
2764 947 765 1367 
2765 2055 1541 2248 
2766 1833 1832 1834 
2767 665 674 2335 
2768 1082 1080 1083 
2769 1331 1318 1635 
2770 765 735 1877 
2771 1742 2363 2809 
2772 1316 1949 2640 
2773 994 2016 2127 
2774 2307 908 2446 
2775 1263 1264 1265 
2776 2376 1649 2377 
2777 758 759 760 
2778 658 542 2710 
2779 1265 1267 1269 
2780 1300 2326 2696 
2781 665 666 674 
2782 2076 1517 2077 
2783 923 817 2268 
2784 637 634 640 
2785 929 720 1464 
2786 1425 2364 2776 
2787 1693 1876 2636 
2788 2077 1822 2610 
2789 687 679 694 
2790 1269 1270 1272 
2791 609 1996 2444 
2792 1811 2488 2708 
2793 1855 1854 1888 
2794 1194 1193 1195 
2795 2463 2317 2588 
2796 2024 2025 2030 
2797 2668 496 2784 
2798 2016 1313 2127 
2799 937 1698 2434 
2800 2244 2670 2825 
2801 764 1136 1137 
2802 987 1123 1375 
2803 1766 1765 1767 
2804 1873 1394 2692 
2805 1548 1549 2247 
2806 927 1332 1497 
2807 2254 1557 2656 
2808 938 751 939 
2809 1434 1436 2645 
2810 792 793 794 
2811 674 677 704 
2812 1302 936 1759 
2813 1257 1249 2760 
2814 1804 2179 2564 
2815 1137 1306 1583 
2816 1802 2580 2651 
2817 1093 1410 2322 
2818 2206 1631 2208 
2819 1239 984 1425 
2820 1290 1292 1293 
2821 610 607 611 
2822 2258 1113 2266 
2823 1320 1319 2357 
2824 917 1384 2306 
2825 962 960 963 
2826 2040 1433 2674 
2827 552 556 558 
2828 2377 1649 2378 
2829 1453 1454 1613 
2830 1037 1038 1039 
2831 1153 1152 1780 
2832 816 1798 2509 
2833 1014 1013 1015 
2834 533 535 536 
2835 542 540 543 
2836 898 1662 1669 
2837 706 1452 1453 
2838 1742 729 2152 
2839 1112 2228 2475 
2840 740 738 741 
2841 590 2183 2234 
2842 862 863 865 
2843 1359 1358 1364 
2844 1132 1035 1340 
2845 1 9 2613 
2846 3 34 2614 
2847 2207 2205 2542 
2848 1100 1914 2755 
2849 1833 1836 2516 
2850 1876 1220 2400 
2851 1335 1921 2779 
2852 1272 1273 1274 
2853 1544 1387 1797 
2854 1348 1735 2798 
2855 831 830 832 
2856 947 1367 1368 
2857 1629 1380 1694 
2858 1036 1037 2738 
2859 1379 1628 2595 
2860 1402 2089 2643 
2861 1772 1716 1773 
2862 1771 1580 2756 
2863 58 1 2613 
2864 33 3 2614 
2865 1344 1346 1460 
2866 553 1951 2478 
2867 544 543 549 
2868 927 747 1230 
2869 2036 2037 2724 
2870 1605 1606 1607 
2871 1375 1376 1605 
2872 837 902 2272 
2873 1362 1682 1784 
2874 794 795 797 
2875 1418 2182 2821 
2876 884 1324 1446 
2877 713 712 714 
2878 1856 2459 2833 
2879 1339 1818 2511 
2880 1785 1784 2608 
2881 1485 1649 2376 
2882 1291 1612 2493 
2883 1725 1579 2237 
2884 723 725 726 
2885 1712 1243 2517 
2886 1461 1621 1754 
2887 1734 1555 2439 
2888 2588 1490 2743 
2889 1463 1235 1662 
2890 744 743 745 
2891 995 2016 2126 
2892 1397 1399 1661 
2893 402 401 497 
2894 1270 1729 2543 
2895 722 2318 2568 
2896 1286 1288 1289 
2897 839 838 840 
2898 1982 700 2589 
2899 1341 1340 1342 
2900 1104 1679 1802 
2901 509 511 2327 
2902 1693 1569 1876 
2903 1323 1554 2116 
2904 1619 487 2457 
2905 858 2278 2719 
2906 1026 1028 2549 
2907 2357 1619 2457 
2908 550 549 551 
2909 1586 1312 2547 
2910 409 408 498 
2911 1549 1146 1801 
2912 1057 2352 2460 
2913 1293 1294 1296 
2914 805 1151 1390 
2915 1572 1239 1701 
2916 1095 1096 2524 
2917 600 601 604 
2918 1718 2122 2123 
2919 1146 963 1576 
2920 1736 1155 2637 
2921 1365 1364 1565 
2922 1229 1802 2662 
2923 2162 1608 2164 
2924 1921 1335 2300 
2925 617 1899 1900 
2926 966 967 968 
2927 742 741 749 
2928 746 745 747 
2929 2525 1695 2717 
2930 1440 1680 2824 
2931 1430 1995 2504 
2932 734 1605 2646 
2933 798 800 801 
2934 1181 1185 2365 
2935 670 2327 2617 
2936 1497 1332 1686 
2937 544 550 2788 
2938 2016 994 2126 
2939 1838 1837 1839 
2940 750 751 938 
2941 736 765 925 
2942 1136 936 1302 
2943 925 765 947 
2944 796 2317 2389 
2945 764 749 936 
2946 745 743 763 
2947 1591 1506 2356 
2948 1368 1703 2545 
2949 1401 2522 2812 
2950 472 1656 2766 
2951 1710 1711 2759 
2952 1016 1015 1017 
2953 1267 1804 2564 
2954 1830 1517 2481 
2955 1626 1546 1627 
2956 552 551 556 
2957 1436 1611 1697 
2958 2422 1394 2652 
2959 1531 1372 2468 
2960 1274 1275 1276 
2961 1122 1144 1366 
2962 1511 1509 1512 
2963 938 939 1157 
2964 1660 2031 2769 
2965 1737 1973 1974 
2966 2415 2414 2463 
2967 633 634 637 
2968 401 400 1792 
2969 408 407 1795 
2970 1695 1694 1696 
2971 1841 2187 2729 
2972 993 997 2231 
2973 2556 1438 2594 
2974 1196 1195 1197 
2975 911 2320 2519 
2976 2235 1040 2407 
2977 1369 1685 2559 
2978 739 740 743 
2979 1217 1802 2651 
2980 1294 1564 2409 
2981 2298 544 2788 
2982 1282 1883 2408 
2983 1583 1306 1715 
2984 1114 1434 1435 
2985 1549 2055 2248 
2986 1276 1277 1280 
2987 1844 1843 2741 
2988 572 571 660 
2989 558 559 560 
2990 1232 1164 1234 
2991 604 605 606 
2992 1648 1291 2493 
2993 1168 1527 1561 
2994 1367 765 1877 
2995 649 2151 2636 
2996 403 402 1791 
2997 1026 1024 1027 
2998 833 832 834 
2999 895 1378 2484 
3000 726 735 736 
3001 708 1114 1984 
3002 1900 1751 2665 
3003 1546 1545 2487 
3004 2155 981 2450 
3005 737 738 739 
3006 1138 2263 2466 
3007 1114 1435 1984 
3008 1650 1337 2060 
3009 865 866 867 
3010 717 702 1586 
3011 946 1727 2486 
3012 1159 1108 1161 
3013 1146 1576 1801 
3014 2378 1649 2694 
3015 1558 1153 1780 
3016 1280 1281 1283 
3017 2517 2023 2616 
3018 2625 1874 2692 
3019 1449 1650 2333 
3020 1095 1091 1096 
3021 725 724 727 
3022 662 660 678 
3023 1215 2205 2207 
3024 1111 1130 2181 
3025 1437 923 2268 
3026 1041 1042 1043 
3027 1554 1222 2522 
3028 1416 1413 1734 
3029 563 559 722 
3030 896 951 1794 
3031 723 722 724 
3032 1591 2380 2689 
3033 1597 1231 2782 
3034 807 809 810 
3035 2002 1800 2479 
3036 1166 2226 2386 
3037 1018 1017 1019 
3038 1084 1083 1085 
3039 1675 1671 2819 
3040 390 389 1808 
3041 954 957 958 
3042 1941 1566 2230 
3043 2102 519 2560 
3044 411 410 1884 
3045 748 747 927 
3046 1576 1577 1633 
3047 1020 1019 1021 
3048 1728 1313 2016 
3049 674 706 2335 
3050 1202 1203 1351 
3051 727 750 767 
3052 185 184 482 
3053 391 390 484 
3054 139 138 478 
3055 345 344 480 
3056 605 659 2590 
3057 927 1230 1332 
3058 1342 1340 2150 
3059 1242 1240 1744 
3060 884 1446 2371 
3061 1120 1525 2319 
3062 1342 2150 2416 
3063 924 1417 2698 
3064 1049 1050 1051 
3065 2067 1553 2068 
3066 2039 1405 2687 
3067 344 343 1842 
3068 404 403 889 
3069 1588 1641 2644 
3070 960 771 961 
3071 1498 1892 2473 
3072 1904 1412 2536 
3073 373 372 1875 
3074 2237 1579 2521 
3075 1296 1297 1343 
3076 2258 2266 2569 
3077 1198 1197 1308 
3078 1137 1136 1306 
3079 1028 1027 1029 
3080 398 397 1878 
3081 2211 2212 2213 
3082 260 259 1895 
3083 422 421 1861 
3084 683 2256 2290 
3085 1921 1112 2779 
3086 556 551 557 
3087 1311 1617 1778 
3088 1460 1461 1771 
3089 1098 1076 1580 
3090 2277 2276 2803 
3091 941 943 946 
3092 801 802 803 
3093 1259 1965 2546 
3094 739 738 740 
3095 1362 1784 1785 
3096 376 375 1939 
3097 424 423 2021 
3098 708 1984 2299 
3099 1086 1085 1090 
3100 381 380 505 
3101 378 377 1913 
3102 354 353 502 
3103 288 287 1924 
3104 1522 1843 1844 
3105 1431 1952 2521 
3106 1022 1021 1023 
3107 1286 1289 1714 
3108 423 422 507 
3109 1769 1747 2353 
3110 1157 1761 2566 
3111 1174 1566 2791 
3112 1283 1284 1285 
3113 637 641 737 
3114 223 222 1867 
3115 1901 1298 2493 
3116 619 623 639 
3117 2496 1852 2625 
3118 1340 1035 2291 
3119 92 91 1951 
3120 278 277 1961 
3121 1757 769 2740 
3122 575 1216 2327 
3123 1772 1774 2713 
3124 1830 1825 2077 
3125 253 252 1971 
3126 371 370 1945 
3127 459 458 1941 
3128 130 129 567 
3129 194 193 647 
3130 1831 1828 1832 
3131 2692 1394 2832 
3132 95 94 1948 
3133 400 399 1879 
3134 631 633 638 
3135 543 540 548 
3136 1920 2006 2502 
3137 389 388 1893 
3138 405 404 1846 
3139 764 936 1136 
3140 224 223 635 
3141 740 741 742 
3142 1933 1620 2567 
3143 1997 1475 2659 
3144 104 103 1915 
3145 1752 1238 2436 
3146 226 225 1964 
3147 1840 2325 2581 
3148 369 368 1953 
3149 396 395 1954 
3150 723 724 725 
3151 653 2348 2368 
3152 1401 1127 2522 
3153 1506 1591 2689 
3154 407 406 1892 
3155 465 464 2039 
3156 374 373 504 
3157 410 409 1796 
3158 742 749 764 
3159 1262 1718 2123 
3160 394 393 1966 
3161 1576 963 1577 
3162 894 2360 2454 
3163 281 280 1997 
3164 488 1704 2586 
3165 1457 982 1582 
3166 383 382 2046 
3167 1763 1764 1765 
3168 2157 883 2283 
3169 1732 1645 2062 
3170 1563 2514 2785 
3171 399 398 843 
3172 2009 1072 2792 
3173 380 379 1909 
3174 80 79 1983 
3175 392 391 1820 
3176 140 139 2132 
3177 414 413 1128 
3178 272 271 1295 
3179 1189 1985 2786 
3180 870 877 879 
3181 473 2668 2784 
3182 138 137 1821 
3183 2114 1982 2595 
3184 2276 1496 2278 
3185 78 77 1976 
3186 412 411 903 
3187 1613 1454 1787 
3188 267 266 1347 
3189 450 449 2065 
3190 606 607 610 
3191 945 1319 1320 
3192 1239 1425 1701 
3193 266 265 1886 
3194 413 412 1882 
3195 268 267 1887 
3196 406 405 888 
3197 2104 508 2477 
3198 107 106 2003 
3199 993 996 997 
3200 215 214 1925 
3201 2408 1074 2417 
3202 891 1181 2365 
3203 361 360 501 
3204 241 240 2083 
3205 464 463 1405 
3206 565 560 1803 
3207 436 435 2061 
3208 375 374 1869 
3209 305 304 1965 
3210 761 773 2775 
3211 243 242 1940 
3212 261 260 1156 
3213 256 255 1148 
3214 77 76 2031 
3215 2127 1426 2441 
3216 62 61 1338 
3217 8 367 503 
3218 276 275 1298 
3219 1621 2538 2665 
3220 1390 2312 2313 
3221 273 272 2117 
3222 353 352 1978 
3223 64 63 538 
3224 737 641 738 
3225 382 381 1847 
3226 558 556 559 
3227 251 250 1934 
3228 65 64 1905 
3229 736 735 765 
3230 233 232 1990 
3231 351 350 1979 
3232 346 345 1807 
3233 356 355 2069 
3234 726 725 735 
3235 1285 1286 1714 
3236 90 89 892 
3237 1388 2276 2277 
3238 193 192 1864 
3239 218 217 2041 
3240 1124 1199 1458 
3241 811 814 815 
3242 533 529 535 
3243 379 378 910 
3244 1148 1737 2394 
3245 63 62 1903 
3246 221 220 2022 
3247 521 517 671 
3248 5 470 1150 
3249 275 274 1902 
3250 574 552 2452 
3251 1816 2139 2236 
3252 101 100 2005 
3253 434 433 1958 
3254 105 104 561 
3255 1706 1627 1707 
3256 289 288 1271 
3257 59 5 2106 
3258 291 290 2091 
3259 69 68 1118 
3260 277 276 1901 
3261 186 185 1814 
3262 216 215 643 
3263 240 239 1361 
3264 220 219 2051 
3265 342 341 2008 
3266 238 237 629 
3267 252 251 1131 
3268 1112 2475 2800 
3269 349 348 2054 
3270 1513 1512 1514 
3271 1744 1100 2755 
3272 287 286 1279 
3273 1075 1250 2198 
3274 442 441 1989 
3275 122 121 1991 
3276 563 722 723 
3277 377 376 909 
3278 333 332 2013 
3279 1461 1754 1771 
3280 244 243 1360 
3281 91 90 1910 
3282 271 270 1969 
3283 239 238 1931 
3284 269 268 1890 
3285 187 186 2119 
3286 637 640 641 
3287 1549 1801 2055 
3288 444 443 2095 
3289 460 459 1175 
3290 560 559 563 
3291 372 371 881 
3292 728 2568 2826 
3293 96 95 1180 
3294 262 261 1899 
3295 236 235 1363 
3296 280 279 1960 
3297 2028 1257 2760 
3298 1637 1777 2171 
3299 93 92 553 
3300 867 868 869 
3301 237 236 1950 
3302 255 254 1972 
3303 370 369 878 
3304 225 224 1866 
3305 705 710 711 
3306 1762 1707 1763 
3307 397 396 841 
3308 1032 1030 1062 
3309 290 289 1922 
3310 293 292 2020 
3311 245 244 1938 
3312 610 611 650 
3313 246 245 625 
3314 435 434 514 
3315 1453 1452 1454 
3316 94 93 1946 
3317 914 2003 2579 
3318 279 278 608 
3319 368 8 1896 
3320 1319 1169 2339 
3321 997 998 999 
3322 248 247 1502 
3323 263 262 617 
3324 7 264 2374 
3325 1255 1256 2433 
3326 227 226 1010 
3327 1515 1514 1516 
3328 264 263 1963 
3329 393 392 1415 
3330 355 354 1857 
3331 1805 1926 2400 
3332 367 366 1988 
3333 2061 514 2544 
3334 2405 894 2483 
3335 310 309 1254 
3336 447 446 2129 
3337 395 394 844 
3338 1877 735 2259 
3339 247 246 1957 
3340 66 65 1908 
3341 125 124 2078 
3342 306 305 1259 
3343 694 679 2354 
3344 270 269 613 
3345 446 445 2094 
3346 1080 1079 1677 
3347 1840 1133 2730 
3348 426 425 2112 
3349 327 326 2136 
3350 347 346 1912 
3351 254 253 621 
3352 1384 1382 1640 
3353 129 128 2084 
3354 115 114 2073 
3355 235 234 1987 
3356 68 67 2011 
3357 360 359 2042 
3358 127 126 2080 
3359 1315 1752 2587 
3360 79 78 545 
3361 449 448 2066 
3362 1406 2037 2687 
3363 467 466 2035 
3364 2107 1449 2678 
3365 120 119 2082 
3366 2059 1862 2604 
3367 352 351 1088 
3368 2315 1493 2588 
3369 362 361 1894 
3370 81 80 1206 
3371 1743 1375 2453 
3372 1201 1370 1643 
3373 1162 1161 1163 
3374 200 199 2018 
3375 1799 2196 2815 
3376 85 84 1189 
3377 366 365 900 
3378 443 442 518 
3379 106 105 1923 
3380 364 363 899 
3381 1214 1601 2598 
3382 234 233 1008 
3383 184 183 2146 
3384 1473 1830 2481 
3385 421 420 682 
3386 123 122 566 
3387 805 1390 2323 
3388 282 281 1278 
3389 1762 1763 2370 
3390 363 362 1981 
3391 103 102 2007 
3392 229 228 2165 
3393 1198 1623 2801 
3394 2370 1763 2629 
3395 820 822 871 
3396 298 297 1266 
3397 452 451 2067 
3398 102 101 913 
3399 343 342 1748 
3400 108 107 914 
3401 365 364 1992 
3402 348 347 1089 
3403 2621 2225 2627 
3404 1944 1667 2010 
3405 217 216 1930 
3406 1568 1693 2716 
3407 418 417 2090 
3408 2418 2297 2792 
3409 695 694 719 
3410 606 610 683 
3411 97 96 1944 
3412 2243 2244 2413 
3413 1607 1606 2736 
3414 1106 993 2231 
3415 1679 1104 2529 
3416 67 66 541 
3417 1535 2157 2283 
3418 1548 2247 2351 
3419 415 414 1881 
3420 334 333 1547 
3421 76 75 1211 
3422 201 200 646 
3423 294 293 1268 
3424 425 424 681 
3425 222 221 1244 
3426 339 338 2149 
3427 470 469 2088 
3428 2155 2450 2767 
3429 257 256 2394 
3430 319 318 1467 
3431 228 227 2361 
3432 341 340 2057 
3433 2118 1481 2676 
3434 1756 1986 2786 
3435 388 387 853 
3436 338 337 1708 
3437 466 465 531 
3438 61 60 2108 
3439 938 1305 2275 
3440 219 218 644 
3441 359 358 1233 
3442 455 454 2109 
3443 2247 1549 2248 
3444 1770 1800 2002 
3445 100 99 2053 
3446 432 431 2093 
3447 384 383 852 
3448 314 313 1692 
3449 987 928 1123 
3450 2031 1211 2769 
3451 318 317 2024 
3452 1782 1211 2019 
3453 2363 1225 2809 
3454 84 83 1985 
3455 82 81 2188 
3456 232 231 1487 
3457 1712 2517 2616 
3458 249 248 1962 
3459 320 319 2029 
3460 295 294 2178 
3461 1355 1749 1914 
3462 1824 1826 2367 
3463 468 467 2038 
3464 2043 1462 2611 
3465 231 230 2050 
3466 1290 1293 2340 
3467 2475 916 2800 
3468 1410 1409 1411 
3469 1776 1366 2320 
3470 1735 1322 2473 
3471 75 74 2019 
3472 286 285 1937 
3473 350 349 1087 
3474 420 419 2092 
3475 1819 2072 2411 
3476 315 314 2044 
3477 124 123 1993 
3478 195 194 1863 
3479 316 315 2166 
3480 358 357 2070 
3481 640 645 1956 
3482 1103 1111 1218 
3483 131 130 1862 
3484 387 386 2086 
3485 214 213 1221 
3486 385 384 2047 
3487 437 436 698 
3488 451 450 523 
3489 989 990 991 
3490 114 113 1191 
3491 357 356 1160 
3492 1381 1860 2384 
3493 116 115 568 
3494 133 132 756 
3495 126 125 775 
3496 453 452 2068 
3497 132 131 2059 
3498 242 241 630 
3499 121 120 1142 
3500 198 197 2125 
3501 1566 2675 2791 
3502 754 733 757 
3503 128 127 1510 
3504 119 118 1141 
3505 441 440 699 
3506 879 880 882 
3507 386 385 851 
3508 815 816 817 
3509 469 468 534 
3510 299 298 2004 
3511 265 7 618 
3512 458 457 2147 
3513 292 291 602 
3514 110 109 2176 
3515 1343 1344 2362 
3516 419 418 697 
3517 948 2330 2795 
3518 329 328 2134 
3519 1851 2218 2624 
3520 433 432 684 
3521 1074 2425 2432 
3522 1114 1113 1115 
3523 202 201 2014 
3524 335 334 2017 
3525 1350 1651 2356 
3526 250 249 626 
3527 1309 1308 1624 
3528 1443 1159 2806 
3529 463 462 2180 
3530 933 2204 2296 
3531 301 300 2122 
3532 445 444 696 
3533 1341 1342 1373 
3534 1580 1063 2345 
3535 2154 2155 2777 
3536 134 133 2074 
3537 337 336 2130 
3538 311 310 2232 
3539 1434 1115 1436 
3540 1027 1024 2291 
3541 658 1640 2599 
3542 1037 1034 1038 
3543 70 69 1928 
3544 307 306 1967 
3545 1376 1123 2079 
3546 109 108 1999 
3547 309 308 2158 
3548 440 439 2102 
3549 1241 1408 2763 
3550 1737 622 2394 
3551 135 134 755 
3552 439 438 519 
3553 2295 2208 2711 
3554 1132 1340 1341 
3555 1667 1331 2693 
3556 1230 747 2257 
3557 461 460 1942 
3558 416 415 508 
3559 1593 1126 2797 
3560 456 455 2110 
3561 1691 2027 2028 
3562 471 1786 2369 
3563 933 2203 2204 
3564 824 830 831 
3565 1972 621 2540 
3566 213 212 2064 
3567 72 71 2172 
3568 1115 1113 2258 
3569 182 181 2138 
3570 994 2127 2128 
3571 2144 2159 2160 
3572 674 704 706 
3573 2214 2223 2293 
3574 417 416 2104 
3575 1528 952 2309 
3576 1155 1751 2637 
3577 60 59 539 
3578 1072 2418 2792 
3579 98 97 2010 
3580 454 453 525 
3581 1934 626 2536 
3582 1037 2235 2738 
3583 196 195 2056 
3584 1666 1625 2596 
3585 427 426 700 
3586 283 282 1994 
3587 313 312 2048 
3588 258 257 622 
3589 274 273 614 
3590 798 801 2323 
3591 2487 1545 2742 
3592 88 87 2219 
3593 1892 888 2473 
3594 188 187 972 
3595 297 296 2179 
3596 1375 1123 1376 
3597 300 299 598 
3598 199 198 980 
3599 1897 1398 2650 
3600 2224 1482 2439 
3601 1049 1047 1050 
3602 927 1497 2740 
3603 706 704 1451 
3604 1390 2313 2316 
3605 1213 1212 1372 
3606 2206 2208 2295 
3607 203 202 995 
3608 136 135 2101 
3609 1041 1039 1042 
3610 1998 1143 2342 
3611 448 447 526 
3612 336 335 580 
3613 2686 1592 2687 
3614 177 176 2174 
3615 326 325 2137 
3616 2311 1788 2577 
3617 706 1453 2335 
3618 141 140 1823 
3619 2202 1841 2542 
3620 2209 1631 2212 
3621 711 712 713 
3622 192 191 1304 
3623 1045 1043 1061 
3624 2338 1229 2662 
3625 2268 818 2287 
3626 1735 1846 2798 
3627 431 430 701 
3628 428 427 2114 
3629 86 85 1986 
3630 706 1451 1452 
3631 328 327 584 
3632 183 182 1173 
3633 1030 1029 2322 
3634 652 655 657 
3635 304 303 2196 
3636 917 923 1382 
3637 2214 2222 2223 
3638 137 136 1518 
3639 1626 1706 2562 
3640 1491 2463 2588 
3641 321 320 2246 
3642 2440 1401 2812 
3643 1157 939 2241 
3644 197 196 979 
3645 2244 2223 2670 
3646 833 842 1167 
3647 2097 1561 2805 
3648 430 429 2148 
3649 332 331 2197 
3650 457 456 527 
3651 1024 1023 2291 
3652 429 428 515 
3653 324 323 2233 
3654 204 203 2126 
3655 1550 2527 2585 
3656 2575 1169 2645 
3657 340 339 581 
3658 1677 1678 1679 
3659 210 209 1570 
3660 175 174 2167 
3661 143 142 2220 
3662 1452 1451 1455 
3663 708 535 1113 
3664 763 743 2245 
3665 1193 1140 2466 
3666 2037 1406 2724 
3667 810 811 2306 
3668 1933 1963 2538 
3669 1349 1536 2224 
3670 189 188 2120 
3671 713 714 734 
3672 73 72 2173 
3673 547 1928 1929 
3674 1133 1841 2730 
3675 690 2202 2238 
3676 205 204 994 
3677 2752 2289 2813 
3678 2292 985 2728 
3679 330 329 2135 
3680 1947 553 2478 
3681 2355 2254 2656 
3682 536 535 708 
3683 150 149 2184 
3684 1721 1485 2746 
3685 836 838 839 
3686 302 301 2124 
3687 1605 1376 1606 
3688 438 437 2451 
3689 611 615 2273 
3690 2556 709 2677 
3691 308 307 594 
3692 1235 1234 1669 
3693 2256 2249 2303 
3694 99 98 562 
3695 191 190 2168 
3696 986 1127 1401 
3697 1654 1727 2344 
3698 2142 2140 2393 
3699 831 832 833 
3700 1185 1301 2365 
3701 939 941 2241 
3702 1299 2352 2406 
3703 1167 1168 2097 
3704 815 817 917 
3705 2310 1607 2736 
3706 2577 715 2664 
3707 1464 720 2354 
3708 1164 1163 1689 
3709 1605 1607 2646 
3710 2563 804 2634 
3711 1952 1464 2828 
3712 145 144 2194 
3713 1305 1157 2566 
3714 142 141 2131 
3715 230 229 636 
3716 1029 1035 1093 
3717 1116 934 1166 
3718 546 1782 2019 
3719 1219 1710 2759 
3720 317 316 589 
3721 176 175 675 
3722 1064 1050 1562 
3723 1151 828 1202 
3724 1029 1027 1035 
3725 1093 1132 1409 
3726 1770 1190 1800 
3727 1750 1749 2673 
3728 685 2338 2662 
3729 284 283 2115 
3730 190 189 971 
3731 181 180 2177 
3732 71 70 547 
3733 2033 1470 2456 
3734 206 2128 2510 
3735 797 798 2323 
3736 178 177 2143 
3737 111 110 569 
3738 180 179 676 
3739 2182 1418 2698 
3740 2036 531 2037 
3741 24 1699 2565 
3742 1382 923 1383 
3743 805 803 828 
3744 1621 1933 2538 
3745 296 295 603 
3746 928 720 929 
3747 1530 1702 2601 
3748 641 640 1956 
3749 1237 2265 2725 
3750 462 461 532 
3751 1171 1119 1615 
3752 1114 1115 1434 
3753 560 563 1803 
3754 984 901 2364 
3755 1804 1264 1868 
3756 1973 1400 1974 
3757 179 178 2175 
3758 1220 1717 2400 
3759 917 817 923 
3760 874 2391 2392 
3761 74 73 546 
3762 1970 2409 2618 
3763 2459 1419 2833 
3764 1491 2415 2463 
3765 1220 1876 2443 
3766 2667 2071 2782 
3767 1614 1323 2116 
3768 83 82 555 
3769 151 150 949 
3770 703 778 1651 
3771 839 875 1489 
3772 211 210 2151 
3773 1417 2182 2698 
3774 1905 1906 1907 
3775 660 571 661 
3776 1093 1035 1132 
3777 596 600 721 
3778 2777 2155 2834 
3779 1760 23 2565 
3780 2498 2113 2685 
3781 1446 1324 1655 
3782 323 322 2234 
3783 146 145 1835 
3784 1372 1212 2598 
3785 1703 494 2545 
3786 1497 1757 2740 
3787 894 2454 2455 
3788 811 815 2306 
3789 2681 1626 2701 
3790 1522 1844 2584 
3791 303 302 599 
3792 833 834 842 
3793 331 330 585 
3794 839 840 875 
3795 1850 1849 1852 
3796 717 1586 2547 
3797 164 163 955 
3798 157 156 932 
3799 722 559 2318 
3800 1594 1722 2762 
3801 1872 1873 1874 
3802 174 173 2161 
3803 792 794 796 
3804 711 713 715 
3805 1544 2391 2397 
3806 156 155 2200 
3807 575 577 1216 
3808 87 86 554 
3809 1848 1850 1851 
3810 719 720 928 
3811 9 1789 2613 
3812 34 1790 2614 
3813 1620 1705 2567 
3814 801 803 805 
3815 1318 1183 2470 
3816 2025 589 2026 
3817 144 143 692 
3818 650 611 2273 
3819 2240 488 2586 
3820 2105 2104 2477 
3821 704 705 2343 
3822 992 1311 2727 
3823 1395 1397 2052 
3824 2154 981 2155 
3825 929 1464 2285 
3826 1151 1202 1622 
3827 2455 1531 2778 
3828 1069 1059 1071 
3829 285 284 609 
3830 1848 505 1849 
3831 1388 2277 2279 
3832 1136 1302 2240 
3833 147 146 2193 
3834 163 162 2210 
3835 158 157 2261 
3836 209 208 2242 
3837 2171 627 2830 
3838 212 211 649 
3839 149 148 2227 
3840 1870 504 1871 
3841 2330 1471 2554 
3842 2105 1315 2587 
3843 1758 471 2369 
3844 1797 1385 2520 
3845 2049 2232 2426 
3846 805 828 1151 
3847 1869 1870 1872 
3848 708 1113 1114 
3849 941 946 2241 
3850 1055 1053 1065 
3851 1851 1853 1854 
3852 1812 1810 1813 
3853 402 497 1791 
3854 686 1651 2783 
3855 743 740 2245 
3856 698 2062 2451 
3857 846 848 874 
3858 173 172 2216 
3859 727 767 2259 
3860 1795 1498 2626 
3861 1994 1995 1996 
3862 1535 1096 1595 
3863 1422 1720 2683 
3864 2226 1166 2385 
3865 148 147 691 
3866 484 1809 1811 
3867 1917 1918 1919 
3868 850 855 856 
3869 663 1716 2382 
3870 1564 2603 2618 
3871 2267 1483 2597 
3872 1968 1259 2546 
3873 259 258 2485 
3874 561 1916 1917 
3875 1051 1050 1064 
3876 1819 1339 2072 
3877 2145 973 2720 
3878 118 117 2448 
3879 2284 1480 2688 
3880 784 786 890 
3881 1727 1653 2486 
3882 1947 1316 2640 
3883 831 833 2332 
3884 1897 503 1898 
3885 2302 1372 2598 
3886 1927 649 2636 
3887 1836 1834 1837 
3888 165 164 2215 
3889 1473 2482 2748 
3890 1183 1179 2470 
3891 579 583 680 
3892 497 401 1792 
3893 1354 1078 2469 
3894 1614 1885 2790 
3895 1224 1349 2133 
3896 514 1959 2544 
3897 1289 1290 2340 
3898 2247 683 2351 
3899 745 763 2257 
3900 152 151 2185 
3901 2062 519 2451 
3902 2512 639 2644 
3903 153 152 2264 
3904 1090 1104 1229 
3905 1601 2302 2598 
3906 788 790 873 
3907 498 408 1795 
3908 51 52 2495 
3909 1916 1915 1920 
3910 2308 2496 2625 
3911 2326 1300 2548 
3912 1677 1079 1678 
3913 604 606 2290 
3914 155 154 2238 
3915 312 311 595 
3916 1358 1354 2469 
3917 919 1694 2572 
3918 325 324 591 
3919 1433 2621 2627 
3920 725 727 2259 
3921 799 2226 2385 
3922 1282 2408 2417 
3923 750 938 2275 
3924 970 968 1731 
3925 2187 690 2264 
3926 1601 1171 2302 
3927 169 168 2214 
3928 1021 1019 1073 
3929 679 678 2354 
3930 1140 1138 2466 
3931 870 879 2371 
3932 922 777 1134 
3933 1858 502 1859 
3934 1809 1808 1810 
3935 1740 1956 1975 
3936 89 88 2505 
3937 747 745 2257 
3938 1718 1260 2815 
3939 1013 1011 1058 
3940 705 711 2343 
3941 2144 2162 2164 
3942 758 757 759 
3943 1390 1151 2312 
3944 473 2357 2668 
3945 1530 1117 2666 
3946 1167 842 1168 
3947 587 592 752 
3948 1185 1187 1301 
3949 1087 2054 2622 
3950 1482 1734 2439 
3951 2111 707 2423 
3952 1352 1914 2733 
3953 2164 969 2722 
3954 170 169 2293 
3955 1646 1732 2063 
3956 1315 2105 2292 
3957 2006 1636 2502 
3958 1776 2320 2684 
3959 719 694 720 
3960 1535 1596 2157 
3961 208 207 648 
3962 1704 48 2561 
3963 1064 1562 1730 
3964 1017 1015 1072 
3965 172 171 2243 
3966 769 748 2740 
3967 1612 1901 2493 
3968 1250 1255 2198 
3969 1917 1919 2579 
3970 2337 1578 2772 
3971 1293 1296 1299 
3972 322 321 590 
3973 1535 1595 1596 
3974 740 742 2245 
3975 409 498 1796 
3976 1397 1661 2052 
3977 1003 1001 1149 
3978 1306 1136 2240 
3979 1999 2000 2001 
3980 2199 1255 2433 
3981 1204 1207 2360 
3982 2320 1366 2519 
3983 2289 1681 2813 
3984 1572 2498 2685 
3985 1678 2377 2378 
3986 1733 1368 2545 
3987 2049 2513 2695 
3988 1699 1760 2565 
3989 889 403 1791 
3990 166 165 2229 
3991 2425 1074 2548 
3992 2098 2097 2765 
3993 767 750 2275 
3994 1285 1714 2235 
3995 1749 1355 2673 
3996 1324 952 1528 
3997 2680 2500 2781 
3998 1039 1038 2395 
3999 517 513 2280 
4000 1427 1314 1450 
4001 1062 1030 2322 
4002 860 862 864 
4003 1697 1245 2490 
4004 2415 1491 2464 
4005 160 159 2296 
4006 168 167 2270 
4007 1751 1474 2665 
4008 1935 1934 2536 
4009 1596 1595 2338 
4010 2461 965 2709 
4011 976 974 981 
4012 1007 1005 1067 
4013 2203 933 2261 
4014 1812 1813 2182 
4015 1344 1460 2362 
4016 998 996 1684 
4017 1261 1263 1389 
4018 162 6 956 
4019 1090 1085 1104 
4020 874 2392 2428 
4021 159 158 933 
4022 113 112 2479 
4023 735 725 2259 
4024 808 1794 2745 
4025 1730 1422 2683 
4026 1265 1269 1300 
4027 884 882 952 
4028 529 524 2266 
4029 1577 963 2286 
4030 562 2010 2693 
4031 1926 1221 1927 
4032 1482 1416 1734 
4033 1276 1280 1282 
4034 49 1775 2561 
4035 1644 1646 2499 
4036 1035 1027 2291 
4037 1848 1851 2624 
4038 1827 1825 1830 
4039 1973 1972 2540 
4040 639 1777 2644 
4041 2153 990 2154 
4042 869 870 2371 
4043 154 153 690 
4044 1914 1100 2733 
4045 1209 1212 1213 
4046 865 867 893 
4047 653 2533 2804 
4048 637 737 2321 
4049 1856 1853 2446 
4050 1438 2556 2677 
4051 960 961 2286 
4052 1165 1747 2399 
4053 945 1320 2324 
4054 1439 1242 1744 
4055 1876 1569 2443 
4056 993 991 996 
4057 1792 400 1879 
4058 484 390 1808 
4059 2313 2315 2316 
4060 1096 1091 2541 
4061 1849 505 1909 
4062 1247 1794 2103 
4063 966 958 967 
4064 963 960 2286 
4065 1694 1380 2572 
4066 1457 1582 2424 
4067 1649 1484 2694 
4068 755 2075 2076 
4069 778 1591 2356 
4070 1364 1358 1494 
4071 1145 2144 2164 
4072 1795 407 1892 
4073 540 536 2299 
4074 480 344 1842 
4075 2037 531 2039 
4076 884 952 1324 
4077 2000 914 2579 
4078 1707 1627 2100 
4079 1551 1374 1552 
4080 2461 1609 2462 
4081 1726 1486 2723 
4082 167 166 689 
4083 879 882 884 
4084 2009 1520 2416 
4085 954 931 957 
4086 818 820 2287 
4087 1213 1372 1531 
4088 1083 1080 1677 
4089 2144 2160 2162 
4090 815 917 2306 
4091 484 1811 1820 
4092 1425 984 2364 
4093 1175 1941 2230 
4094 404 889 1846 
4095 2141 2140 2142 
4096 6 161 2294 
4097 801 805 2323 
4098 1859 502 1978 
4099 1905 1907 1908 
4100 1920 1915 2007 
4101 599 2124 2815 
4102 391 484 1820 
4103 720 694 2354 
4104 1763 1707 1764 
4105 1218 1111 2181 
4106 1789 493 2613 
4107 1790 494 2614 
4108 1754 1098 1771 
4109 1898 503 1988 
4110 1569 1427 2347 
4111 760 759 761 
4112 943 945 2324 
4113 2228 1920 2502 
4114 997 996 998 
4115 2181 1130 2570 
4116 1636 1635 2475 
4117 1871 504 1875 
4118 1635 1318 1642 
4119 2255 2355 2617 
4120 478 1822 1824 
4121 2139 2138 2140 
4122 1293 1299 2340 
4123 1438 2111 2594 
4124 946 943 2324 
4125 833 1167 2332 
4126 1458 1199 2274 
4127 1624 1308 1806 
4128 1638 1457 2424 
4129 410 1796 1884 
4130 345 480 1807 
4131 1610 1935 2535 
4132 1381 2680 2781 
4133 989 978 990 
4134 1785 1750 2673 
4135 1029 1093 2322 
4136 507 422 1861 
4137 185 482 1814 
4138 1040 1883 2407 
4139 2153 2154 2777 
4140 1869 1872 1939 
4141 505 380 1909 
4142 1380 1377 2572 
4143 999 998 1102 
4144 627 631 2830 
4145 171 170 693 
4146 1108 1095 2524 
4147 2026 589 2166 
4148 423 507 2021 
4149 1199 1201 2274 
4150 2037 2039 2687 
4151 1767 1765 2265 
4152 606 683 2290 
4153 1302 1759 2381 
4154 1236 1781 2573 
4155 903 411 1884 
4156 139 478 2132 
4157 504 373 1875 
4158 1798 1458 2509 
4159 1042 1039 2395 
4160 478 138 1821 
4161 2208 2209 2711 
4162 561 1917 1923 
4163 399 843 1879 
4164 2342 1143 2658 
4165 161 160 688 
4166 1919 2300 2818 
4167 2162 2163 2558 
4168 1572 1701 2498 
4169 381 505 1847 
4170 2170 1228 2808 
4171 2279 2277 2403 
4172 502 353 1978 
4173 1810 1808 1893 
4174 2362 1334 2679 
4175 968 967 1135 
4176 1677 1679 2529 
4177 2375 1065 2746 
4178 1815 482 1816 
4179 773 761 1225 
4180 493 58 2613 
4181 494 33 2614 
4182 1808 389 1893 
4183 556 557 2318 
4184 1814 1815 1817 
4185 1208 1664 2817 
4186 888 405 1846 
4187 991 990 2153 
4188 843 398 1878 
4189 1959 2063 2544 
4190 1719 1465 2796 
4191 635 223 1867 
4192 2079 1123 2260 
4193 804 807 2634 
4194 406 888 1892 
4195 1824 1825 1826 
4196 1826 1827 1828 
4197 1195 1193 1668 
4198 2612 2429 2731 
4199 374 504 1869 
4200 2208 1631 2209 
4201 981 2154 2458 
4202 482 184 2146 
4203 1838 2227 2654 
4204 1829 1473 2706 
4205 2417 1074 2432 
4206 536 708 2299 
4207 1251 2028 2760 
4208 1128 413 1882 
4209 1156 260 1895 
4210 2184 1838 2836 
4211 2217 2059 2604 
4212 412 903 1882 
4213 1454 1452 2289 
4214 267 1347 1887 
4215 1389 2199 2433 
4216 2163 2494 2753 
4217 375 1869 1939 
4218 1813 1420 2182 
4219 354 502 1857 
4220 549 543 2489 
4221 548 540 2299 
4222 1234 1164 1689 
4223 2384 1860 2592 
4224 379 910 1909 
4225 1594 1894 2611 
4226 932 2201 2203 
4227 2222 2214 2270 
4228 224 635 1866 
4229 2409 1564 2618 
4230 1697 2490 2575 
4231 910 378 1913 
4232 372 881 1875 
4233 2797 2195 2831 
4234 2211 2209 2212 
4235 56 57 2768 
4236 1271 288 1924 
4237 1775 1704 2561 
4238 1667 1944 2648 
4239 1543 2667 2782 
4240 1803 1725 2237 
4241 1113 535 2266 
4242 909 376 1939 
4243 559 556 2318 
4244 397 841 1878 
4245 2450 1731 2767 
4246 287 1279 1924 
4247 1662 1235 1669 
4248 377 909 1913 
4249 567 129 2084 
4250 464 1405 2039 
4251 1295 271 1969 
4252 928 929 2260 
4253 277 1901 1961 
4254 64 538 1905 
4255 207 206 2510 
4256 1848 1849 1850 
4257 638 633 2321 
4258 519 2062 2560 
4259 647 193 1864 
4260 62 1338 1903 
4261 755 2076 2101 
4262 268 1887 1890 
4263 538 63 1903 
4264 276 1298 1901 
4265 1854 1853 1856 
4266 252 1131 1971 
4267 1681 1537 2813 
4268 561 104 1915 
4269 2223 2462 2670 
4270 671 517 2280 
4271 1981 1594 2762 
4272 91 1910 1951 
4273 1449 2107 2658 
4274 1032 1062 2341 
4275 1347 266 1886 
4276 1851 1850 1853 
4277 633 637 2321 
4278 1754 1621 2665 
4279 382 1847 2046 
4280 1816 482 2146 
4281 553 92 1951 
4282 1415 392 1820 
4283 2185 2186 2187 
4284 881 371 1945 
4285 261 1156 1899 
4286 2372 1446 2402 
4287 1175 459 1941 
4288 2411 2072 2758 
4289 1123 928 2260 
4290 1180 95 1948 
4291 619 639 2512 
4292 370 878 1945 
4293 958 957 2442 
4294 1872 1870 1873 
4295 1148 255 1972 
4296 2201 2200 2202 
4297 343 1748 1842 
4298 90 892 1910 
4299 615 619 2512 
4300 608 278 1961 
4301 272 1295 2117 
4302 1573 1396 2422 
4303 822 824 2334 
4304 1963 1933 2374 
4305 1562 1050 2336 
4306 1211 1782 2769 
4307 878 369 1953 
4308 421 682 1861 
4309 225 1866 1964 
4310 980 2125 2358 
4311 841 396 1954 
4312 1361 239 1931 
4313 94 1946 1948 
4314 1163 1161 1534 
4315 238 629 1931 
4316 733 717 2547 
4317 1308 1197 1563 
4318 2415 2464 2689 
4319 8 503 1896 
4320 503 367 1988 
4321 280 1960 1997 
4322 289 1271 1922 
4323 368 1896 1953 
4324 2140 2138 2177 
4325 1509 1309 1624 
4326 629 237 1950 
4327 2222 689 2507 
4328 1010 226 1964 
4329 501 360 2042 
4330 256 1148 2394 
4331 1528 2309 2467 
4332 621 253 1971 
4333 2257 763 2401 
4334 65 1905 1908 
4335 643 215 1925 
4336 361 501 1894 
4337 1561 1527 2331 
4338 395 844 1954 
4339 2100 1101 2189 
4340 240 1361 2083 
4341 393 1415 1966 
4342 346 1807 1912 
4343 1298 275 1902 
4344 236 1363 1950 
4345 1202 1351 2298 
4346 244 1360 1938 
4347 844 394 1966 
4348 352 1088 1978 
4349 414 1128 1881 
4350 681 424 2021 
4351 1118 68 2011 
4352 1131 251 1934 
4353 1360 243 1940 
4354 93 553 1946 
4355 279 608 1960 
4356 617 262 1899 
4357 711 715 2343 
4358 194 647 1863 
4359 625 245 1938 
4360 5 1150 2106 
4361 1452 1455 2289 
4362 1047 1045 2336 
4363 2774 672 2816 
4364 270 613 1969 
4365 1668 1193 2466 
4366 613 269 1890 
4367 871 822 2334 
4368 1915 103 2007 
4369 130 567 1862 
4370 105 561 1923 
4371 222 1244 1867 
4372 1034 1032 2341 
4373 1386 2279 2774 
4374 264 1963 2374 
4375 543 548 2489 
4376 1976 77 2031 
4377 1225 761 1374 
4378 435 514 2061 
4379 1607 2311 2646 
4380 1809 1810 1812 
4381 254 621 1972 
4382 246 625 1957 
4383 1363 235 1987 
4384 79 545 1983 
4385 535 529 2266 
4386 1135 967 1505 
4387 1338 2108 2333 
4388 263 617 1963 
4389 1278 281 1997 
4390 1206 80 1983 
4391 186 1814 2119 
4392 842 834 2346 
4393 1502 247 1957 
4394 545 78 1976 
4395 216 643 1930 
4396 1378 1701 2484 
4397 1220 2443 2810 
4398 1259 305 1965 
4399 1451 704 2343 
4400 521 671 2569 
4401 514 434 1958 
4402 759 757 1312 
4403 290 1922 2091 
4404 1338 61 2108 
4405 388 853 1893 
4406 1150 470 2088 
4407 355 1857 2069 
4408 889 1791 2012 
4409 478 1824 2132 
4410 106 1923 2003 
4411 531 465 2039 
4412 1245 499 2574 
4413 1670 2489 2700 
4414 1919 1918 1921 
4415 968 1135 1731 
4416 1043 1042 2741 
4417 96 1180 1944 
4418 1917 1916 1918 
4419 2273 615 2512 
4420 1301 2405 2483 
4421 1316 1947 2447 
4422 1814 1817 2119 
4423 1999 2001 2176 
4424 914 107 2003 
4425 366 900 1988 
4426 2352 1299 2460 
4427 1473 2481 2482 
4428 1408 2517 2763 
4429 1088 351 1979 
4430 689 2222 2270 
4431 2010 1667 2693 
4432 852 383 2046 
4433 839 1489 2346 
4434 1008 233 1990 
4435 1774 1773 2584 
4436 234 1008 1987 
4437 2376 2375 2746 
4438 2022 220 2051 
4439 2513 1257 2695 
4440 2365 1301 2366 
4441 1669 1234 2282 
4442 1994 1996 2115 
4443 541 66 1908 
4444 1089 347 1912 
4445 362 1894 1981 
4446 1901 1612 1961 
4447 1225 1374 1551 
4448 1151 1622 2312 
4449 227 1010 2361 
4450 1895 259 2485 
4451 834 836 2346 
4452 76 1211 2031 
4453 913 101 2005 
4454 217 1930 2041 
4455 67 541 2011 
4456 518 442 1989 
4457 1555 2133 2439 
4458 932 2203 2261 
4459 899 363 1981 
4460 1748 342 2008 
4461 566 122 1991 
4462 1716 1411 2382 
4463 2065 449 2066 
4464 443 518 2095 
4465 1331 1793 2693 
4466 348 1089 2054 
4467 364 899 1992 
4468 900 365 1992 
4469 1244 221 2022 
4470 102 913 2007 
4471 446 2094 2129 
4472 2568 1526 2826 
4473 1982 1379 2595 
4474 1799 1258 2546 
4475 1129 1610 2535 
4476 1941 458 2147 
4477 2124 1718 2815 
4478 248 1502 1962 
4479 644 218 2041 
4480 359 1233 2042 
4481 1405 463 2180 
4482 875 840 2428 
4483 466 531 2035 
4484 1368 1367 2539 
4485 1547 333 2013 
4486 724 722 2568 
4487 219 644 2051 
4488 2325 948 2581 
4489 1731 1135 2304 
4490 232 1487 1990 
4491 828 803 2563 
4492 523 450 2065 
4493 1783 1613 2434 
4494 214 1221 1925 
4495 820 871 2287 
4496 2255 2254 2355 
4497 467 2035 2038 
4498 1627 1546 2487 
4499 1268 293 2020 
4500 350 1087 1979 
4501 493 1789 2657 
4502 698 436 2061 
4503 1260 1799 2815 
4504 69 1118 1928 
4505 2441 648 2510 
4506 630 241 2083 
4507 1087 349 2054 
4508 242 630 1940 
4509 265 618 1886 
4510 1477 1982 2589 
4511 1312 2379 2661 
4512 1279 286 1937 
4513 682 420 2092 
4514 425 681 2112 
4515 123 566 1993 
4516 1927 1221 2064 
4517 1160 356 2069 
4518 618 7 2374 
4519 565 1803 2663 
4520 128 1510 2084 
4521 2212 1630 2744 
4522 2464 1491 2743 
4523 1598 1756 2551 
4524 319 1467 2029 
4525 646 200 2018 
4526 1514 1512 1550 
4527 460 1175 1942 
4528 1642 1318 2470 
4529 592 596 2388 
4530 2172 1781 2173 
4531 2272 1401 2440 
4532 1424 1970 2591 
4533 2202 2200 2238 
4534 451 523 2067 
4535 2008 341 2057 
4536 1884 1796 1885 
4537 2482 1472 2748 
4538 1119 1116 2349 
4539 1651 1350 2783 
4540 250 626 1934 
4541 121 1142 1991 
4542 2005 100 2053 
4543 602 291 2091 
4544 445 696 2094 
4545 1254 309 2158 
4546 2165 228 2361 
4547 433 684 1958 
4548 452 2067 2068 
4549 441 699 1989 
4550 306 1259 1967 
4551 787 2366 2483 
4552 2276 864 2803 
4553 524 521 2569 
4554 2185 2187 2264 
4555 124 1993 2078 
4556 81 1206 2188 
4557 2268 2287 2288 
4558 773 1225 2363 
4559 1980 1087 2622 
4560 298 1266 2004 
4561 1233 358 2070 
4562 314 1692 2044 
4563 1429 2040 2444 
4564 2063 1732 2544 
4565 1189 84 1985 
4566 853 387 2086 
4567 1201 1643 2274 
4568 1792 1879 2359 
4569 1531 2468 2641 
4570 583 587 2387 
4571 1045 1061 2336 
4572 117 116 2707 
4573 384 852 2047 
4574 775 125 2078 
4575 338 1708 2149 
4576 934 826 2385 
4577 469 534 2088 
4578 696 444 2095 
4579 1090 1229 2541 
4580 292 602 2020 
4581 1295 1969 1970 
4582 114 1191 2073 
4583 568 115 2073 
4584 1059 1055 2375 
4585 2308 2446 2496 
4586 1186 1598 2551 
4587 2230 1403 2635 
4588 334 1547 2017 
4589 614 273 2117 
4590 539 59 2106 
4591 108 914 1999 
4592 126 775 2080 
4593 1823 140 2132 
4594 1467 318 2024 
4595 892 89 2505 
4596 622 257 2394 
4597 201 646 2014 
4598 1510 127 2080 
4599 294 1268 2178 
4600 1142 120 2082 
4601 527 2110 2675 
4602 274 614 1902 
4603 1847 505 1848 
4604 119 1141 2082 
4605 1622 1202 2298 
4606 613 1890 1891 
4607 879 884 2371 
4608 1211 75 2019 
4609 1905 538 1906 
4610 1494 1358 2469 
4611 585 2135 2337 
4612 1478 2225 2621 
4613 671 2258 2569 
4614 1881 1128 2195 
4615 683 610 2351 
4616 1148 1972 1973 
4617 534 468 2038 
4618 1708 337 2130 
4619 944 2576 2645 
4620 357 1160 2070 
4621 831 2332 2334 
4622 310 1254 2232 
4623 508 415 1881 
4624 610 650 2351 
4625 1212 1214 2598 
4626 137 1518 1821 
4627 282 1278 1994 
4628 1970 1424 2409 
4629 1595 1096 2541 
4630 97 1944 2010 
4631 2290 2256 2303 
4632 626 249 1962 
4633 131 1862 2059 
4634 790 792 2389 
4635 1599 950 2519 
4636 2279 672 2774 
4637 1487 231 2050 
4638 437 698 2451 
4639 972 187 2119 
4640 419 697 2092 
4641 386 851 2086 
4642 1437 2268 2288 
4643 547 1929 2573 
4644 1266 297 2179 
4645 1965 304 2196 
4646 484 1808 1809 
4647 1091 1090 2541 
4648 851 385 2047 
4649 2302 1615 2468 
4650 192 1304 1864 
4651 577 579 2373 
4652 756 132 2059 
4653 455 2109 2110 
4654 514 1958 1959 
4655 60 539 2108 
4656 697 418 2090 
4657 2186 1839 2729 
4658 1640 1382 2599 
4659 454 525 2109 
4660 1869 504 1870 
4661 2231 997 2523 
4662 1684 996 2153 
4663 1764 1707 2100 
4664 85 1189 1986 
4665 315 2044 2166 
4666 700 426 2112 
4667 1695 1959 2717 
4668 843 1878 2267 
4669 183 1173 2146 
4670 782 784 2380 
4671 1409 1132 2348 
4672 133 756 2074 
4673 523 2065 2396 
4674 1361 1931 1932 
4675 1960 608 2269 
4676 848 850 2390 
4677 684 432 2093 
4678 526 447 2129 
4679 1891 1424 2591 
4680 1938 1360 2383 
4681 699 440 2102 
4682 195 1863 2056 
4683 1802 1217 2662 
4684 2090 417 2104 
4685 519 438 2451 
4686 1300 2425 2548 
4687 2013 332 2197 
4688 199 980 2018 
4689 1306 2240 2586 
4690 1839 1837 1840 
4691 1787 1454 2752 
4692 448 526 2066 
4693 1910 892 1911 
4694 1880 1573 2422 
4695 1274 1276 2417 
4696 1171 1615 2302 
4697 1764 2100 2189 
4698 1544 1797 2838 
4699 525 453 2068 
4700 1866 635 2281 
4701 1922 1271 2225 
4702 584 327 2136 
4703 1131 1934 1935 
4704 1051 1064 2410 
4705 1132 1341 2348 
4706 910 1913 1955 
4707 1130 1604 2570 
4708 755 134 2074 
4709 1946 553 1947 
4710 786 788 2414 
4711 1957 625 2305 
4712 2081 1511 2699 
4713 2035 531 2036 
4714 439 519 2102 
4715 1053 1051 2410 
4716 1989 699 2271 
4717 1692 313 2048 
4718 2366 1301 2483 
4719 2364 1683 2776 
4720 1720 1721 2683 
4721 841 1954 2118 
4722 598 299 2004 
4723 1180 1948 1949 
4724 824 831 2334 
4725 480 1842 2353 
4726 1050 1047 2336 
4727 2340 1299 2406 
4728 2129 2094 2384 
4729 1896 503 1897 
4730 539 2106 2107 
4731 996 991 2153 
4732 911 812 2630 
4733 2112 681 2113 
4734 967 958 2442 
4735 657 1975 2619 
4736 2292 2105 2477 
4737 1412 1935 2536 
4738 1221 213 2064 
4739 844 1966 2284 
4740 416 508 2104 
4741 2068 1553 2503 
4742 300 598 2122 
4743 1715 1306 2586 
4744 1987 1008 2121 
4745 561 1915 1916 
4746 2330 776 2795 
4747 513 510 2737 
4748 1011 1007 2398 
4749 1857 502 1858 
4750 496 2339 2490 
4751 2136 326 2137 
4752 109 1999 2176 
4753 995 202 2014 
4754 580 335 2017 
4755 1994 1278 1995 
4756 1279 1937 2040 
4757 258 622 2485 
4758 1038 1034 2341 
4759 1308 1563 1806 
4760 431 701 2093 
4761 2090 2104 2105 
4762 336 580 2130 
4763 1545 1441 2491 
4764 878 1953 2034 
4765 328 584 2134 
4766 135 755 2101 
4767 1187 1204 2405 
4768 1071 2375 2376 
4769 1702 1530 2666 
4770 581 339 2149 
4771 2311 2577 2664 
4772 1678 1079 2829 
4773 1832 1828 2329 
4774 2157 1596 2309 
4775 852 2046 2218 
4776 1141 118 2448 
4777 340 581 2057 
4778 980 198 2125 
4779 652 657 2619 
4780 1101 2487 2742 
4781 457 527 2147 
4782 1641 2512 2644 
4783 320 2029 2246 
4784 1975 1956 2619 
4785 1116 1166 2349 
4786 1372 2302 2468 
4787 1956 645 2619 
4788 1967 1259 1968 
4789 661 2237 2521 
4790 2172 547 2573 
4791 874 2390 2391 
4792 1517 1516 2481 
4793 501 2042 2043 
4794 636 229 2165 
4795 545 1976 1977 
4796 2154 990 2458 
4797 853 2086 2087 
4798 532 1942 1943 
4799 329 2134 2135 
4800 657 655 2553 
4801 913 2005 2006 
4802 427 700 2114 
4803 1665 2563 2634 
4804 1990 1487 2192 
4805 2021 507 2497 
4806 567 2084 2085 
4807 2139 2140 2141 
4808 99 562 2053 
4809 527 456 2110 
4810 1010 1964 2089 
4811 1593 2797 2831 
4812 2581 921 2747 
4813 301 2122 2124 
4814 197 979 2125 
4815 979 196 2056 
4816 2306 1384 2714 
4817 667 2474 2765 
4818 851 2047 2262 
4819 1064 1730 2754 
4820 594 307 1967 
4821 308 594 2158 
4822 1996 2427 2444 
4823 1341 1373 2368 
4824 88 2219 2505 
4825 617 1900 2538 
4826 72 2172 2173 
4827 317 589 2024 
4828 840 846 2428 
4829 1518 136 2101 
4830 1256 1261 2433 
4831 230 636 2050 
4832 678 660 2412 
4833 487 2344 2457 
4834 803 804 2563 
4835 2372 2402 2403 
4836 1569 2347 2443 
4837 188 972 2120 
4838 1244 2022 2023 
4839 1191 113 2479 
4840 562 98 2010 
4841 2233 2183 2811 
4842 203 995 2126 
4843 589 316 2166 
4844 2462 1609 2670 
4845 2391 1544 2647 
4846 1173 182 2138 
4847 1526 1523 2826 
4848 2396 1456 2655 
4849 676 2175 2393 
4850 1828 1827 1829 
4851 1651 778 2356 
4852 701 430 2148 
4853 547 70 1928 
4854 603 295 2178 
4855 1780 1152 2596 
4856 462 532 2180 
4857 515 428 2114 
4858 664 1797 2520 
4859 1608 2162 2558 
4860 1817 1815 1818 
4861 999 1102 2404 
4862 1015 1013 2418 
4863 74 546 2019 
4864 71 547 2172 
4865 555 82 2188 
4866 83 555 1985 
4867 532 461 1942 
4868 2158 594 2350 
4869 1979 1087 1980 
4870 429 515 2148 
4871 2122 598 2123 
4872 1644 2499 2734 
4873 1826 1825 1827 
4874 283 1994 2115 
4875 1485 2376 2746 
4876 1304 191 2168 
4877 478 1821 1822 
4878 1714 1289 2419 
4879 836 839 2346 
4880 1005 1003 2420 
4881 2339 1169 2575 
4882 1001 999 2404 
4883 2070 1160 2071 
4884 772 1742 2809 
4885 141 1823 2131 
4886 890 2414 2415 
4887 2241 946 2486 
4888 660 661 2412 
4889 1781 2172 2573 
4890 2347 1450 2702 
4891 994 204 2126 
4892 569 110 2176 
4893 296 603 2179 
4894 1837 1834 2325 
4895 1269 1272 2425 
4896 2149 1708 2370 
4897 1263 1265 2437 
4898 2266 524 2569 
4899 1993 566 2421 
4900 1824 1822 1825 
4901 1999 914 2000 
4902 1446 1655 2402 
4903 1567 2612 2731 
4904 1710 1219 2761 
4905 2656 1556 2715 
4906 2138 181 2177 
4907 2062 1645 2560 
4908 2050 636 2156 
4909 2215 2211 2229 
4910 988 2170 2808 
4911 116 568 2707 
4912 1684 2153 2777 
4913 1814 482 1815 
4914 2300 1246 2773 
4915 1991 1142 2435 
4916 777 773 2363 
4917 862 865 2430 
4918 1468 1690 2571 
4919 2490 2339 2575 
4920 1925 1221 1926 
4921 1071 1059 2375 
4922 285 609 1937 
4923 1207 1209 2454 
4924 2134 584 2429 
4925 1889 2087 2660 
4926 971 189 2120 
4927 2110 2506 2675 
4928 1510 2080 2081 
4929 176 675 2174 
4930 792 796 2389 
4931 1055 1065 2375 
4932 647 1864 1865 
4933 596 721 2388 
4934 775 2078 2221 
4935 190 971 2168 
4936 87 554 2219 
4937 1533 2280 2737 
4938 2097 667 2765 
4939 2100 1627 2487 
4940 2143 177 2174 
4941 546 73 2173 
4942 665 2335 2553 
4943 2271 1369 2559 
4944 142 2131 2220 
4945 303 599 2196 
4946 669 2464 2743 
4947 210 1570 2151 
4948 2357 1319 2668 
4949 2484 1425 2776 
4950 2203 2201 2205 
4951 970 1731 2450 
4952 675 175 2167 
4953 1216 577 2373 
4954 2213 2212 2744 
4955 1730 1562 2593 
4956 874 848 2390 
4957 922 1134 2431 
4958 1398 2034 2650 
4959 2024 589 2025 
4960 331 585 2197 
4961 554 86 1986 
4962 1802 1679 2580 
4963 2128 2441 2510 
4964 661 571 2663 
4965 971 2120 2411 
4966 180 676 2177 
4967 850 856 2390 
4968 1450 2231 2523 
4969 604 2290 2704 
4970 1474 1754 2665 
4971 2314 574 2452 
4972 1234 1689 2282 
4973 2159 2142 2393 
4974 2155 2767 2834 
4975 477 2079 2476 
4976 2121 1785 2608 
4977 585 330 2135 
4978 178 2143 2175 
4979 1019 1017 2445 
4980 676 179 2175 
4981 599 302 2124 
4982 1615 1119 2349 
4983 212 649 2064 
4984 1803 2237 2663 
4985 1843 1423 2593 
4986 807 810 2634 
4987 2110 2109 2506 
4988 1147 1974 2697 
4989 2265 1765 2725 
4990 949 150 2184 
4991 1538 1787 2752 
4992 1272 1274 2432 
4993 1436 1697 2575 
4994 1570 209 2242 
4995 1382 1383 2599 
4996 1427 1450 2347 
4997 1448 2009 2792 
4998 2280 513 2737 
4999 1855 2262 2682 
5000 2137 591 2239 
5001 2014 646 2015 
5002 1565 1364 2465 
5003 174 2161 2167 
5004 595 311 2232 
5005 756 2059 2217 
5006 2398 1067 2456 
5007 2232 1254 2426 
5008 1065 1053 2410 
5009 1714 2419 2738 
5010 692 143 2220 
5011 873 790 2389 
5012 1835 145 2194 
5013 609 284 2115 
5014 1073 1019 2445 
5015 1673 1196 2801 
5016 1296 1343 2460 
5017 645 652 2619 
5018 2233 323 2234 
5019 2344 1727 2557 
5020 755 2074 2075 
5021 655 665 2553 
5022 748 927 2740 
5023 312 595 2048 
5024 2446 1853 2496 
5025 788 873 2414 
5026 2447 1947 2478 
5027 979 2056 2096 
5028 144 692 2194 
5029 2184 149 2227 
5030 602 2091 2471 
5031 1935 1412 2535 
5032 1166 934 2385 
5033 2448 117 2707 
5034 2555 2556 2594 
5035 784 890 2380 
5036 2303 721 2704 
5037 325 591 2137 
5038 1664 1977 2817 
5039 649 211 2151 
5040 680 583 2387 
5041 757 733 2547 
5042 146 1835 2193 
5043 890 786 2414 
5044 579 680 2373 
5045 2348 653 2804 
5046 978 976 2458 
5047 1553 2067 2655 
5048 1304 2168 2169 
5049 500 670 2715 
5050 591 324 2233 
5051 2045 2049 2695 
5052 2382 1411 2533 
5053 1511 2085 2699 
5054 721 600 2704 
5055 1161 1108 2524 
5056 497 1792 2472 
5057 2139 2141 2236 
5058 1505 967 2442 
5059 1730 2683 2754 
5060 1480 2118 2688 
5061 675 2167 2494 
5062 931 922 2431 
5063 1685 1200 2781 
5064 1343 2362 2679 
5065 1655 1324 2628 
5066 600 604 2704 
5067 2347 1105 2443 
5068 151 949 2185 
5069 713 734 2664 
5070 1940 630 2531 
5071 571 565 2663 
5072 974 970 2450 
5073 932 156 2200 
5074 752 592 2388 
5075 846 874 2428 
5076 1301 1187 2405 
5077 1324 1528 2628 
5078 1173 2138 2139 
5079 1072 1015 2418 
5080 164 955 2215 
5081 1521 2191 2787 
5082 1046 2326 2548 
5083 587 752 2387 
5084 157 932 2261 
5085 955 163 2210 
5086 2348 1341 2368 
5087 1058 1011 2398 
5088 1246 2001 2773 
5089 691 147 2193 
5090 1717 1805 2400 
5091 1400 1973 2540 
5092 2183 1639 2811 
5093 590 321 2246 
5094 148 691 2227 
5095 1219 2759 2810 
5096 856 855 2719 
5097 1811 1809 2488 
5098 2161 173 2216 
5099 1276 1282 2417 
5100 1850 1852 2496 
5101 1362 1785 2671 
5102 2131 1823 2367 
5103 644 2041 2515 
5104 1069 1071 2829 
5105 1839 1840 2730 
5106 2319 1435 2576 
5107 1289 2340 2419 
5108 1013 1058 2418 
5109 1936 1077 2571 
5110 684 2093 2525 
5111 810 2306 2714 
5112 2326 1048 2696 
5113 1477 2113 2498 
5114 1871 1880 2652 
5115 2464 1506 2689 
5116 1204 2360 2405 
5117 976 981 2458 
5118 715 713 2664 
5119 2327 1216 2617 
5120 1007 1067 2398 
5121 1701 1425 2484 
5122 2377 1678 2829 
5123 1333 2345 2549 
5124 865 893 2430 
5125 2388 721 2518 
5126 1374 761 2661 
5127 1003 1149 2420 
5128 631 638 2830 
5129 1643 1644 2734 
5130 1765 1764 2725 
5131 1104 1085 2529 
5132 696 2095 2500 
5133 1886 618 2567 
5134 2360 1207 2454 
5135 2402 672 2403 
5136 208 648 2242 
5137 2191 663 2787 
5138 1961 1612 2631 
5139 1265 1300 2437 
5140 1320 2457 2557 
5141 2237 661 2663 
5142 322 590 2234 
5143 2413 2163 2753 
5144 2200 155 2238 
5145 1261 1389 2433 
5146 1017 1072 2445 
5147 2290 2303 2704 
5148 1874 1873 2692 
5149 2017 1547 2562 
5150 1134 777 2363 
5151 152 2185 2264 
5152 1299 1296 2460 
5153 898 1669 2793 
5154 1797 664 2838 
5155 1077 1719 2796 
5156 1450 2523 2702 
5157 1085 1083 2529 
5158 1300 1269 2425 
5159 1149 1001 2404 
5160 1389 1263 2437 
5161 1711 1717 2759 
5162 864 862 2430 
5163 1105 2347 2702 
5164 672 2279 2403 
5165 2488 1417 2708 
5166 2193 1835 2516 
5167 165 2215 2229 
5168 2378 673 2580 
5169 1197 1195 2514 
5170 1854 1856 2833 
5171 1519 2292 2477 
5172 2194 692 2528 
5173 1067 1005 2420 
5174 2533 1411 2804 
5175 2183 2233 2234 
5176 2340 2406 2419 
5177 1641 2273 2512 
5178 2504 1995 2659 
5179 1209 1213 2454 
5180 498 1795 2626 
5181 2079 2260 2476 
5182 162 956 2210 
5183 1061 1043 2741 
5184 933 158 2261 
5185 1154 1860 2705 
5186 1213 1531 2455 
5187 169 2214 2293 
5188 2324 1320 2557 
5189 1794 1247 2745 
5190 2462 2213 2744 
5191 2216 172 2243 
5192 1071 2377 2829 
5193 648 207 2510 
5194 1834 1832 2501 
5195 2214 168 2270 
5196 1488 1439 2755 
5197 2481 1516 2482 
5198 2185 949 2186 
5199 1447 2269 2631 
5200 2460 1343 2679 
5201 2392 2391 2647 
5202 2379 1374 2661 
5203 932 2200 2201 
5204 1791 497 2532 
5205 1364 1494 2465 
5206 855 858 2719 
5207 1393 2692 2832 
5208 1409 2348 2804 
5209 1383 1437 2802 
5210 731 2777 2834 
5211 1439 1744 2755 
5212 2339 496 2668 
5213 690 153 2264 
5214 903 1884 2508 
5215 1475 2504 2659 
5216 1118 2011 2601 
5217 154 690 2238 
5218 1312 757 2547 
5219 1512 1509 2526 
5220 776 2330 2554 
5221 2113 1477 2589 
5222 1492 2314 2452 
5223 525 2068 2503 
5224 890 2415 2689 
5225 1311 1778 2727 
5226 1963 617 2538 
5227 2426 1532 2513 
5228 636 2165 2723 
5229 1465 1468 2796 
5230 1828 1829 2329 
5231 1532 2426 2690 
5232 1840 1837 2325 
5233 2491 1082 2742 
5234 2190 1321 2499 
5235 689 166 2229 
5236 1543 2632 2667 
5237 990 978 2458 
5238 159 933 2296 
5239 981 974 2450 
5240 957 931 2431 
5241 2243 693 2244 
5242 167 689 2270 
5243 1609 2558 2825 
5244 2236 1172 2649 
5245 2304 1135 2827 
5246 1853 1850 2496 
5247 2419 1036 2738 
5248 956 6 2294 
5249 1792 2359 2472 
5250 1156 1895 2637 
5251 2511 1172 2720 
5252 2454 1213 2455 
5253 1481 2267 2676 
5254 1381 2384 2680 
5255 1445 2392 2647 
5256 825 1776 2684 
5257 1809 1812 2488 
5258 693 170 2293 
5259 2294 688 2295 
5260 1816 2236 2649 
5261 1764 2189 2725 
5262 1682 1932 2837 
5263 1170 1702 2666 
5264 2192 1750 2669 
5265 1534 1161 2524 
5266 1083 1677 2529 
5267 171 693 2243 
5268 1913 909 2537 
5269 1411 1409 2804 
5270 998 1684 2555 
5271 2354 678 2828 
5272 1079 1069 2829 
5273 496 2490 2574 
5274 2341 1062 2713 
5275 2179 603 2564 
5276 1274 2417 2432 
5277 1895 1736 2637 
5278 1884 1885 2508 
5279 1545 2491 2742 
5280 2143 2174 2602 
5281 2013 2197 2681 
5282 2012 1791 2532 
5283 1726 2165 2361 
5284 1563 1197 2514 
5285 2281 1402 2643 
5286 2201 2202 2542 
5287 1731 2304 2767 
5288 688 160 2296 
5289 2490 1245 2574 
5290 1966 1415 2550 
5291 1175 2230 2635 
5292 518 1989 2559 
5293 1195 1668 2514 
5294 2156 636 2723 
5295 2706 1473 2748 
5296 2457 2344 2557 
5297 2580 673 2651 
5298 161 688 2294 
5299 538 1903 2578 
5300 2427 1429 2444 
5301 2566 472 2766 
5302 648 2441 2814 
5303 2647 1544 2838 
5304 2425 1272 2432 
5305 1842 1748 2552 
5306 1879 843 2597 
5307 734 2646 2664 
5308 2297 1448 2792 
5309 2558 2163 2825 
5310 2355 670 2617 
5311 2489 548 2700 
5312 2229 2211 2507 
5313 1969 613 2591 
5314 1516 1514 2585 
5315 1989 2271 2559 
5316 1494 2469 2606 
5317 1841 2729 2730 
5318 1669 2282 2793 
5319 2218 1855 2682 
5320 2497 1572 2685 
5321 1807 480 2609 
5322 1225 1551 2809 
5323 1088 1979 2582 
5324 2235 1714 2738 
5325 1101 2100 2487 
5326 625 1938 2600 
5327 1519 2195 2797 
5328 889 2012 2798 
5329 1888 1854 2833 
5330 1630 2461 2744 
5331 1102 998 2555 
5332 1570 2242 2716 
5333 1363 1987 2608 
5334 2090 2105 2587 
5335 1955 1913 2537 
5336 1880 2422 2652 
5337 613 1891 2591 
5338 1319 2339 2668 
5339 1502 1957 2605 
5340 1509 1624 2526 
5341 2333 2108 2678 
5342 1970 1969 2591 
5343 1906 538 2578 
5344 697 2090 2587 
5345 2195 1128 2831 
5346 1796 498 2790 
5347 2284 1966 2550 
5348 1750 2121 2669 
5349 1885 1796 2790 
5350 2380 890 2689 
5351 2288 2098 2765 
5352 2156 1504 2735 
5353 1959 1958 2717 
5354 1271 1924 2627 
5355 1894 501 2611 
5356 1454 2289 2752 
5357 2112 2113 2589 
5358 1744 1240 2823 
5359 507 1861 2639 
5360 635 1867 2623 
5361 2518 2251 2721 
5362 700 2112 2589 
5363 1336 2447 2478 
5364 1550 1512 2526 
5365 2187 2186 2729 
5366 2001 2000 2773 
5367 2267 1878 2676 
5368 2129 2384 2592 
5369 608 1961 2631 
5370 2218 2046 2624 
5371 2038 2035 2615 
5372 2305 1501 2605 
5373 2117 1295 2618 
5374 526 2129 2592 
5375 667 2097 2805 
5376 2683 1721 2754 
5377 1295 1970 2618 
5378 1464 2354 2828 
5379 1882 903 2771 
5380 1433 2627 2674 
5381 1530 2601 2620 
5382 1486 2156 2723 
5383 1449 2333 2678 
5384 2359 1879 2597 
5385 1949 1948 2640 
5386 1476 2304 2827 
5387 2558 1609 2709 
5388 1943 1942 2635 
5389 2046 1847 2624 
5390 843 2267 2597 
5391 673 2378 2694 
5392 921 2581 2795 
5393 2082 1141 2726 
5394 1938 2383 2600 
5395 2118 1954 2688 
5396 2035 2036 2615 
5397 1948 1946 2640 
5398 2305 625 2600 
5399 2083 1361 2638 
5400 2011 541 2620 
5401 1815 1816 2649 
5402 1278 1997 2659 
5403 1832 2329 2501 
5404 689 2229 2507 
5405 2022 2051 2616 
5406 2499 1321 2734 
5407 1942 1175 2635 
5408 2358 2125 2770 
5409 2034 1953 2650 
5410 1957 2305 2605 
5411 2021 2497 2685 
5412 523 2396 2655 
5413 1360 1940 2642 
5414 1953 1896 2650 
5415 1924 1279 2674 
5416 2210 956 2711 
5417 1987 2121 2608 
5418 1878 841 2676 
5419 1995 1278 2659 
5420 2353 1842 2552 
5421 2767 730 2834 
5422 1964 1866 2643 
5423 2269 608 2631 
5424 2042 1233 2632 
5425 1990 2192 2669 
5426 1932 1931 2837 
5427 2410 1064 2754 
5428 1468 2571 2796 
5429 2384 2094 2680 
5430 2383 1500 2600 
5431 1305 2566 2766 
5432 2634 810 2714 
5433 1944 1180 2648 
5434 2067 523 2655 
5435 681 2021 2685 
5436 2225 1271 2627 
5437 1361 1932 2638 
5438 2089 1964 2643 
5439 1622 2298 2788 
5440 1847 1848 2624 
5441 1279 2040 2674 
5442 2096 1617 2770 
5443 2383 1360 2642 
5444 1979 1980 2582 
5445 2093 701 2607 
5446 2113 681 2685 
5447 539 2107 2678 
5448 532 1943 2686 
5449 1321 2190 2751 
5450 2227 691 2654 
5451 1504 2192 2735 
5452 1505 2530 2827 
5453 1962 1502 2789 
5454 2443 1105 2810 
5455 1437 2474 2802 
5456 2281 635 2623 
5457 497 2472 2532 
5458 2517 1243 2763 
5459 480 2353 2609 
5460 1135 1505 2827 
5461 1946 1947 2640 
5462 1846 889 2798 
5463 1954 844 2688 
5464 576 2774 2816 
5465 1008 1990 2669 
5466 1769 2353 2552 
5467 2086 851 2660 
5468 2670 1609 2825 
5469 2165 1726 2723 
5470 2108 539 2678 
5471 2497 507 2639 
5472 2325 1834 2501 
5473 501 2043 2611 
5474 895 2484 2776 
5475 841 2118 2676 
5476 585 2337 2772 
5477 2050 2156 2735 
5478 1180 1949 2648 
5479 2262 2047 2682 
5480 1736 1895 2485 
5481 1514 1550 2585 
5482 2094 696 2680 
5483 2087 2086 2660 
5484 851 2262 2660 
5485 2023 2022 2616 
5486 2262 1889 2660 
5487 1102 2555 2594 
5488 672 2402 2718 
5489 2121 1008 2669 
5490 1896 1897 2650 
5491 2047 852 2682 
5492 581 2149 2629 
5493 2145 1145 2722 
5494 2158 2350 2690 
5495 1867 1244 2703 
5496 2482 1516 2585 
5497 2109 525 2672 
5498 1866 2281 2643 
5499 844 2284 2688 
5500 2084 1510 2699 
5501 534 2038 2653 
5502 1821 1518 2610 
5503 852 2218 2682 
5504 1863 647 2691 
5505 2180 532 2686 
5506 1940 2531 2642 
5507 1128 1882 2831 
5508 2043 2042 2632 
5509 759 1312 2661 
5510 2506 2109 2672 
5511 1931 629 2837 
5512 1254 2158 2690 
5513 2060 1337 2822 
5514 2149 2370 2629 
5515 2525 2093 2607 
5516 1233 2070 2667 
5517 1160 2069 2799 
5518 1408 2623 2703 
5519 2472 1536 2532 
5520 2070 2071 2667 
5521 2189 1237 2725 
5522 630 2083 2712 
5523 1958 684 2717 
5524 1389 2437 2696 
5525 2049 2426 2513 
5526 761 759 2661 
5527 2205 2201 2542 
5528 1244 2023 2703 
5529 1547 2013 2701 
5530 2137 2239 2732 
5531 2085 2084 2699 
5532 2426 1254 2690 
5533 2192 1487 2735 
5534 2406 1036 2419 
5535 2071 1160 2799 
5536 2442 957 2633 
5537 2581 948 2795 
5538 1404 2301 2750 
5539 1510 2081 2699 
5540 2219 1755 2505 
5541 584 2136 2731 
5542 1822 1821 2610 
5543 1538 2813 2820 
5544 498 2626 2790 
5545 1487 2050 2735 
5546 568 2073 2819 
5547 646 2018 2739 
5548 2429 584 2731 
5549 2412 1952 2828 
5550 1818 1815 2649 
5551 2213 2222 2507 
5552 2435 1673 2801 
5553 678 2412 2828 
5554 684 2525 2717 
5555 647 1865 2691 
5556 696 2500 2680 
5557 2136 2137 2732 
5558 2531 630 2712 
5559 903 2508 2771 
5560 2601 2011 2620 
5561 2675 1459 2791 
5562 2671 1785 2673 
5563 2763 1243 2764 
5564 2522 1222 2812 
5565 2304 730 2767 
5566 2163 2413 2825 
5567 1483 2359 2597 
5568 971 2411 2758 
5569 525 2503 2672 
5570 1495 2284 2550 
5571 2239 591 2811 
5572 948 2325 2501 
5573 2500 1685 2781 
5574 2015 646 2739 
5575 973 2145 2722 
5576 2646 2311 2664 
5577 2562 1547 2701 
5578 1531 2641 2778 
5579 864 2430 2803 
5580 2125 979 2770 
5581 2168 971 2758 
5582 2627 1924 2674 
5583 2013 2681 2701 
5584 1639 2239 2811 
5585 2169 2168 2758 
5586 979 2096 2770 
5587 899 1981 2762 
5588 1479 2429 2612 
5589 2779 1112 2800 
5590 2167 2161 2753 
5591 1472 2527 2780 
5592 2813 1537 2820 
5593 1502 2605 2789 
5594 957 2431 2633 
5595 2197 585 2772 
5596 2083 2638 2712 
5597 2623 1867 2703 
5598 1676 2448 2707 
5599 2729 1839 2730 
5600 1882 2771 2831 
5601 2494 2167 2753 
5602 2571 1077 2796 
5603 2641 791 2778 
5604 2468 872 2641 
5605 2402 1655 2718 
5606 2038 2615 2653 
5607 845 2440 2812 
5608 2554 760 2775 
5609 2503 1638 2672 
5610 2353 1747 2609 
5611 2531 1499 2642 
5612 591 2233 2811 
5613 1665 2634 2714 
5614 1315 2292 2728 
5615 2350 1532 2690 
5616 2000 2579 2818 
5617 2632 1233 2667 
5618 2681 2197 2772 
5619 2506 1459 2675 
5620 949 2184 2836 
5621 2193 2516 2835 
5622 2186 949 2836 
5623 1445 2647 2838 
5624 2731 2136 2732 
5625 2242 648 2814 
5626 691 2193 2835 
5627 776 2554 2775 
5628 2615 1600 2653 
5629 672 2718 2816 
5630 2716 2242 2814 
5631 2461 2462 2744 
5632 1567 2731 2732 
5633 1617 2358 2770 
5634 2530 1476 2827 
5635 1241 2763 2764 
5636 2523 1000 2702 
5637 1538 2752 2813 
5638 1836 2654 2835 
5639 2654 691 2835 
5640 1471 2706 2748 
5641 2773 2000 2818 
5642 1355 2671 2673 
5643 1629 2525 2607 
5644 1623 2435 2801 
5645 2638 1503 2712 
5646 2579 1919 2818 
5647 975 2511 2720 
5648 1608 2558 2709 
5649 2718 578 2816 
5650 1578 2681 2772 
5651 2626 1614 2790 
5652 1568 2716 2814 
5653 1626 2562 2701 
5654 912 2779 2800 
5655 2300 2773 2818 
5656 2771 1593 2831 
5657 2516 1836 2835 
5658 2088 534 2653 
5659 2057 581 2629 
5660 594 1967 1968 
5661 2051 644 2515 
5662 2174 675 2494 
5663 2074 756 2217 
5664 2080 775 2221 
5665 1945 878 2034 
5666 882 883 2157 
5667 955 2210 2711 
5668 2018 980 2358 
5669 995 2014 2015 
5670 1230 2257 2401 
5671 1864 1304 2169 
5672 2298 1351 2710 
5673 2465 1494 2606 
5674 2056 1863 2691 
5675 2078 1993 2421 
5676 2220 2131 2367 
$EndElements
